-- phpMyAdmin SQL Dump
-- version 5.2.1
-- https://www.phpmyadmin.net/
--
-- Host: 127.0.0.1
-- Gegenereerd op: 27 mrt 2025 om 10:20
-- Serverversie: 10.4.32-MariaDB
-- PHP-versie: 8.2.12

SET SQL_MODE = "NO_AUTO_VALUE_ON_ZERO";
START TRANSACTION;
SET time_zone = "+00:00";


/*!40101 SET @OLD_CHARACTER_SET_CLIENT=@@CHARACTER_SET_CLIENT */;
/*!40101 SET @OLD_CHARACTER_SET_RESULTS=@@CHARACTER_SET_RESULTS */;
/*!40101 SET @OLD_COLLATION_CONNECTION=@@COLLATION_CONNECTION */;
/*!40101 SET NAMES utf8mb4 */;

--
-- Database: `crud_bieren`
--

-- --------------------------------------------------------

--
-- Tabelstructuur voor tabel `bier`
--

CREATE TABLE `bier` (
  `biercode` int(5) NOT NULL,
  `naam` varchar(29) DEFAULT NULL,
  `soort` varchar(11) DEFAULT NULL,
  `stijl` varchar(20) DEFAULT NULL,
  `alcohol` decimal(5,2) DEFAULT NULL,
  `brouwcode` int(5) DEFAULT NULL
) ENGINE=InnoDB DEFAULT CHARSET=latin1 COLLATE=latin1_swedish_ci;

--
-- Gegevens worden geëxporteerd voor tabel `bier`
--

INSERT INTO `bier` (`biercode`, `naam`, `soort`, `stijl`, `alcohol`, `brouwcode`) VALUES
(1, 'BIOBIER', 'LAGER,PALE', 'BIO', 4.80, 983),
(2, 'ORGANIC HELLES', 'LAGER,PALE', 'BIO', 4.60, 1163),
(3, 'RAPUNZEL EXPORT', 'LAGER,PALE', 'BIO', 5.10, 1218),
(4, 'ZIPPIL', 'LAGER,PALE', 'BIO', 4.60, 1163),
(5, 'ZAHRE CANAPA', 'LAGER,PALE', 'CANAPA', 5.00, 1351),
(6, 'CALANDA ICE', 'LAGER,PALE', 'ICE', 4.80, 797),
(7, 'GULL', 'LAGER,PALE', 'LIGHT', 2.20, 885),
(8, 'COLUMBUS STIEGL PILS', 'LAGER,PALE', 'PILSEN', 4.90, 1249),
(9, 'HIRTER EXPORT PILS', 'LAGER,PALE', 'PILSEN', 5.40, 983),
(10, 'HIRTER PRIVAT PILS', 'LAGER,PALE', 'PILSEN', 5.20, 983),
(11, 'STIEGL PILS', 'LAGER,PALE', 'PILSEN', 5.40, 1249),
(12, 'HOPPE', 'LAGER,PALE', 'PILSEN', 5.00, 1315),
(13, 'JUPILER PILS', 'LAGER,PALE', 'PILSEN', 5.00, 1008),
(14, 'MAES PILS', 'LAGER,PALE', 'PILSEN', 5.00, 1066),
(15, 'VEGA', 'LAGER,PALE', 'PILSEN', 5.00, 1008),
(16, 'BIRTANG PILS', 'LAGER,PALE', 'PILSEN', 5.00, 756),
(17, 'PILSNER URQUELL', 'LAGER,PALE', 'PILSEN', 5.00, 1146),
(18, 'TSINGTAO PILS', 'LAGER,PALE', 'PILSEN', 5.00, 1289),
(19, '110 JUBILAEUMS PILSNER', 'LAGER,PALE', 'PILSEN', 4.60, 962),
(20, 'CERES TOP PILSENER', 'LAGER,PALE', 'PILSEN', 4.60, 813),
(21, 'TUBORG GREEN LABEL', 'LAGER,PALE', 'PILSEN', 5.00, 1291),
(22, 'FREEDOM PILSENER', 'LAGER,PALE', 'PILSEN', 5.00, 920),
(23, 'BIERE DU VILLAGE', 'LAGER,PALE', 'PILSEN', 5.00, 1083),
(24, 'ADELSKRONEN PILS', 'LAGER,PALE', 'PILSEN', 4.90, 687),
(25, 'ASTRA', 'LAGER,PALE', 'PILSEN', 5.00, 730),
(26, 'AYINGER PILS', 'LAGER,PALE', 'PILSEN', 5.00, 713),
(27, 'BRINKHOFF N.1', 'LAGER,PALE', 'PILSEN', 4.90, 783),
(28, 'CD PILS', 'LAGER,PALE', 'PILSEN', 5.30, 863),
(29, 'DAB MEISTER PILS', 'LAGER,PALE', 'PILSEN', 5.00, 869),
(30, 'EKU PILS', 'LAGER,PALE', 'PILSEN', 4.90, 895),
(31, 'EULER LANDPILS', 'LAGER,PALE', 'PILSEN', 5.00, 897),
(32, 'FELDSCHLOSSCHEN PILSN.', 'LAGER,PALE', 'PILSEN', 4.90, 907),
(33, 'FORUM PILS', 'LAGER,PALE', 'PILSEN', 5.00, 1057),
(34, 'FREIBERGER PILS', 'LAGER,PALE', 'PILSEN', 4.90, 776),
(35, 'HANSA PILS', 'LAGER,PALE', 'PILSEN', 5.00, 959),
(36, 'HERFORDER PILS', 'LAGER,PALE', 'PILSEN', 4.80, 975),
(37, 'HOLSTEN PILSENER', 'LAGER,PALE', 'PILSEN', 5.00, 988),
(38, 'JAHNS BRAU', 'LAGER,PALE', 'PILSEN', 5.00, 1001),
(39, 'JEVER PILSENER', 'LAGER,PALE', 'PILSEN', 5.00, 730),
(40, 'KADEWE', 'LAGER,PALE', 'PILSEN', 5.00, 1009),
(41, 'KAISERDOM PILS', 'LAGER,PALE', 'PILSEN', 4.50, 1011),
(42, 'KAISERDOM PILSENER', 'LAGER,PALE', 'PILSEN', 5.00, 791),
(43, 'KITZMANN EDELPILS', 'LAGER,PALE', 'PILSEN', 5.00, 1020),
(44, 'KLOSTERBRAU PILSENER', 'LAGER,PALE', 'PILSEN', 5.00, 683),
(45, 'KOEPFF PILS', 'LAGER,PALE', 'PILSEN', 5.00, 1023),
(46, 'KONIG PILSENER', 'LAGER,PALE', 'PILSEN', 4.90, 1026),
(47, 'KRISTALL PILS', 'LAGER,PALE', 'PILSEN', 5.00, 1174),
(48, 'KUR PILS', 'LAGER,PALE', 'PILSEN', 5.00, 1302),
(49, 'LOSCHER PILS', 'LAGER,PALE', 'PILSEN', 5.00, 1060),
(50, 'MERLINS PILSENER', 'LAGER,PALE', 'PILSEN', 4.90, 743),
(51, 'PALMBRAU PILSENER', 'LAGER,PALE', 'PILSEN', 5.00, 1130),
(52, 'PAULANER PILS', 'LAGER,PALE', 'PILSEN', 5.00, 1133),
(53, 'RITTER PILS', 'LAGER,PALE', 'PILSEN', 5.00, 1167),
(54, 'ROSEN PILS', 'LAGER,PALE', 'PILSEN', 4.80, 1178),
(55, 'ROTHAUS PILS', 'LAGER,PALE', 'PILSEN', 5.00, 1179),
(56, 'SANDLERBRAU PILSENER', 'LAGER,PALE', 'PILSEN', 5.00, 1192),
(57, 'SCHWABEN BRAU PILSENER', 'LAGER,PALE', 'PILSEN', 4.90, 1206),
(58, 'THURN UND TAXIS PILS', 'LAGER,PALE', 'PILSEN', 4.90, 1267),
(59, 'VELDENSTEINER PILSENER', 'LAGER,PALE', 'PILSEN', 5.00, 1010),
(60, 'VELTINS PILSENER', 'LAGER,PALE', 'PILSEN', 5.00, 1319),
(61, 'WOLTERS PILSENER', 'LAGER,PALE', 'PILSEN', 4.80, 1337),
(62, '704', 'LAGER,PALE', 'PILSEN', 5.20, 754),
(63, 'CITTAVECCHIA CHIARA', 'LAGER,PALE', 'PILSEN', 5.00, 821),
(64, 'DOLOMITI PILSEN', 'LAGER,PALE', 'PILSEN', 5.00, 686),
(65, 'EDEL BIER', 'LAGER,PALE', 'PILSEN', 5.00, 1081),
(66, 'EXTRA HOP', 'LAGER,PALE', 'PILSEN', 4.80, 753),
(67, 'FORST PILS', 'LAGER,PALE', 'PILSEN', 5.00, 916),
(68, 'ITALA PILSEN', 'LAGER,PALE', 'PILSEN', 5.00, 1139),
(69, 'LA FABBRICA PILS', 'LAGER,PALE', 'PILSEN', 4.50, 1037),
(70, 'N.1', 'LAGER,PALE', 'PILSEN', 4.50, 733),
(71, 'NEPTUN KRONE', 'LAGER,PALE', 'PILSEN', 4.50, 995),
(72, 'PREMIUM PILS', 'LAGER,PALE', 'PILSEN', 5.20, 1317),
(73, 'ST. JOHANNES BRAU PILS', 'LAGER,PALE', 'PILSEN', 4.90, 1235),
(74, 'TIPOPILS', 'LAGER,PALE', 'PILSEN', 5.20, 753),
(75, 'VALLEY PILSENER', 'LAGER,PALE', 'PILSEN', 5.00, 1310),
(76, 'ZAHRE PILS', 'LAGER,PALE', 'PILSEN', 5.00, 1351),
(77, 'BRAND PILSENER', 'LAGER,PALE', 'PILSEN', 5.00, 771),
(78, 'CHRISTOFFEL BLOND', 'LAGER,PALE', 'PILSEN', 5.00, 1234),
(79, 'HERTOG JAN PILSENER', 'LAGER,PALE', 'PILSEN', 5.00, 844),
(80, 'ORANJEBOOM DE LUXE', 'LAGER,PALE', 'PILSEN', 4.90, 1118),
(81, 'RINGNES PILS', 'LAGER,PALE', 'PILSEN', 4.70, 1165),
(82, 'WISBY PILS', 'LAGER,PALE', 'PILSEN', 5.00, 1230),
(83, 'PRIMA PILS', 'LAGER,PALE', 'PILSEN', 5.00, 1323),
(84, 'WUNDERBAR PILS', 'LAGER,PALE', 'PILSEN', 4.90, 933),
(85, 'GRIESKIRCHNER ZWICKEL', 'LAGER,PALE', 'ZWICKEL', 5.00, 944),
(86, '1417', 'LAGER,PALE', 'ZWICKEL', 5.50, 954),
(87, 'WIENINGER ZWICKEL', 'LAGER,PALE', 'ZWICKEL', 5.00, 1334),
(88, 'CALANDA ZWICKEL', 'LAGER,PALE', 'ZWICKEL', 4.90, 797),
(89, 'KLOSTERBRAU', 'LAGER,PALE', 'ZWICKEL', 4.80, 887),
(90, 'CASTLEMAINE XXXX', 'LAGER,PALE', NULL, 4.80, 809),
(91, 'FOSTERS LAGER', 'LAGER,PALE', NULL, 4.50, 917),
(92, 'ADAMBRAU', 'LAGER,PALE', NULL, 5.00, 685),
(93, 'FOHRENBURGER', 'LAGER,PALE', NULL, 5.60, 915),
(94, 'FREISTADTER BIER', 'LAGER,PALE', NULL, 5.00, 777),
(95, 'GOSSER EXPORT', 'LAGER,PALE', NULL, 5.00, 1246),
(96, 'GOSSER GOLD', 'LAGER,PALE', NULL, 5.00, 1246),
(97, 'KAISER BIER', 'LAGER,PALE', NULL, 5.00, 1120),
(98, 'KENNEN', 'LAGER,PALE', NULL, 5.00, 1153),
(99, 'OTTAKRINGER LAGER', 'LAGER,PALE', NULL, 5.20, 1121),
(100, 'PANTHER BRAU', 'LAGER,PALE', NULL, 5.40, 1153),
(101, 'STARKENBERGER URHELL', 'LAGER,PALE', NULL, 5.00, 1203),
(102, 'STEFFL EXPORT', 'LAGER,PALE', NULL, 5.40, 1120),
(103, 'STIEGL GOLD', 'LAGER,PALE', NULL, 5.00, 1249),
(104, 'VILLACHER GOLD', 'LAGER,PALE', NULL, 5.00, 1320),
(105, 'ZIPFER BIER', 'LAGER,PALE', NULL, 5.00, 1120),
(106, 'ZIPFER MARZEN', 'LAGER,PALE', NULL, 5.20, 1120),
(107, 'CLUB DE STELLA ARTOIS', 'LAGER,PALE', NULL, 5.00, 707),
(108, 'LOBURG', 'LAGER,PALE', NULL, 5.00, 707),
(109, 'STELLA ARTOIS', 'LAGER,PALE', NULL, 5.00, 707),
(110, 'BAVARIA LAGER', 'LAGER,PALE', NULL, 5.00, 728),
(111, 'BRAHMA CHOPPP', 'LAGER,PALE', NULL, 4.00, 768),
(112, 'LABATTS CANADIAN', 'LAGER,PALE', NULL, 5.00, 1041),
(113, 'BUDWEISER BUDVAR', 'LAGER,PALE', NULL, 5.00, 790),
(114, 'STAROPRAMEN', 'LAGER,PALE', NULL, 5.00, 1243),
(115, 'CHUNG HUA', 'LAGER,PALE', NULL, 5.00, 1352),
(116, 'SHANGAI', 'LAGER,PALE', NULL, 4.00, 1210),
(117, 'ZHONG HUA', 'LAGER,PALE', NULL, 5.00, 1352),
(118, 'ANTILLANA', 'LAGER,PALE', NULL, 4.80, 1270),
(119, 'PALMA CRISTAL', 'LAGER,PALE', NULL, 4.90, 789),
(120, 'ALBANI BEER', 'LAGER,PALE', NULL, 5.00, 691),
(121, 'CARLSBERG BEER', 'LAGER,PALE', NULL, 4.60, 807),
(122, 'CERES BEER', 'LAGER,PALE', NULL, 5.00, 813),
(123, 'FAXE', 'LAGER,PALE', NULL, 5.60, 906),
(124, 'RED ERIC', 'LAGER,PALE', NULL, 5.00, 813),
(125, 'TUBORG GOLD LABEL', 'LAGER,PALE', NULL, 5.70, 1291),
(126, 'PRESIDENT', 'LAGER,PALE', NULL, 5.00, 814),
(127, 'ALSOPPS LAGER', 'LAGER,PALE', NULL, 5.00, 998),
(128, 'LONGLIFE', 'LAGER,PALE', NULL, 5.00, 998),
(129, 'SKOL LAGER', 'LAGER,PALE', NULL, 5.00, 998),
(130, 'SKONA EXPORT', 'LAGER,PALE', NULL, 5.00, 955),
(131, 'SLALOM LAGER', 'LAGER,PALE', NULL, 5.00, 1063),
(132, 'TRENT EXPORT LAGER', 'LAGER,PALE', NULL, 4.90, 1283),
(133, 'S. MIGUEL', 'LAGER,PALE', NULL, 5.00, 1186),
(134, 'KARHU', 'LAGER,PALE', NULL, 4.60, 1219),
(135, 'LAPIN KULTA', 'LAGER,PALE', NULL, 5.20, 1045),
(136, 'EXPORT 33', 'LAGER,PALE', NULL, 5.00, 1300),
(137, 'GOLD DE KANTERBRAU', 'LAGER,PALE', NULL, 5.00, 1014),
(138, 'GOTHIC', 'LAGER,PALE', NULL, 5.00, 1014),
(139, 'KANTERBRAU', 'LAGER,PALE', NULL, 5.00, 1014),
(140, 'KRONENBOURG', 'LAGER,PALE', NULL, 5.20, 1027),
(141, 'LA BELLE STRASBOURGEUSE', 'LAGER,PALE', NULL, 4.90, 910),
(142, 'LA TOURMENTE DE MARS', 'LAGER,PALE', NULL, 5.90, 941),
(143, 'MUTZIG', 'LAGER,PALE', NULL, 5.00, 1098),
(144, 'PELFORTH FRESH', 'LAGER,PALE', NULL, 5.00, 1134),
(145, 'PELFORTH PALE', 'LAGER,PALE', NULL, 6.00, 1134),
(146, 'SAINT OMER', 'LAGER,PALE', NULL, 5.00, 1190),
(147, 'TOURMENTE', 'LAGER,PALE', NULL, 5.00, 941),
(148, 'ALTENMUNSTER', 'LAGER,PALE', NULL, 4.90, 696),
(149, 'AYINGER LAGER', 'LAGER,PALE', NULL, 5.00, 713),
(150, 'AYINGER STRONG LAGER', 'LAGER,PALE', NULL, 5.00, 713),
(151, 'BECKERS', 'LAGER,PALE', NULL, 5.00, 734),
(152, 'BECKS BIER', 'LAGER,PALE', NULL, 5.00, 735),
(153, 'BIERE DES DRUIDES', 'LAGER,PALE', NULL, 5.00, 893),
(154, 'CESARUM 1', 'LAGER,PALE', NULL, 5.00, 893),
(155, 'CLASSIC', 'LAGER,PALE', NULL, 5.30, 870),
(156, 'DAB ACTIEN', 'LAGER,PALE', NULL, 5.00, 869),
(157, 'DACHSENFRANZ KELLERBIER', 'LAGER,PALE', NULL, 5.20, 974),
(158, 'DINCKEL ACKER PRIVAT', 'LAGER,PALE', NULL, 5.00, 863),
(159, 'DRESSLER', 'LAGER,PALE', NULL, 5.20, 979),
(160, 'DUB EXPORT', 'LAGER,PALE', NULL, 5.00, 871),
(161, 'EDELHELL', 'LAGER,PALE', NULL, 5.00, 954),
(162, 'FALKENTURM', 'LAGER,PALE', NULL, 5.40, 858),
(163, 'FESTBIER', 'LAGER,PALE', NULL, 5.60, 1000),
(164, 'FINK BRAU', 'LAGER,PALE', NULL, 4.90, 1054),
(165, 'FRANZ JOSEPH JUBELBIER', 'LAGER,PALE', NULL, 5.50, 1189),
(166, 'FURSTENBERG', 'LAGER,PALE', NULL, 5.00, 925),
(167, 'HASEN BRAU', 'LAGER,PALE', NULL, 5.00, 966),
(168, 'HENNINGER EXPORT', 'LAGER,PALE', NULL, 5.30, 973),
(169, 'HENNINGER KAISER PREMIUM', 'LAGER,PALE', NULL, 5.00, 973),
(170, 'HENNINGER MEISTER', 'LAGER,PALE', NULL, 5.00, 973),
(171, 'HENNINGER PRIVAT', 'LAGER,PALE', NULL, 5.00, 973),
(172, 'HOFBRAU ROYAL', 'LAGER,PALE', NULL, 5.00, 984),
(173, 'HOLSTEN BIER', 'LAGER,PALE', NULL, 5.00, 988),
(174, 'HOLSTEN EXPORT', 'LAGER,PALE', NULL, 5.00, 988),
(175, 'ICE BEER', 'LAGER,PALE', NULL, 4.50, 893),
(176, 'JAHRHUNDERTBIER', 'LAGER,PALE', NULL, 5.50, 713),
(177, 'KLOSTER BIER', 'LAGER,PALE', NULL, 5.00, 897),
(178, 'KULMB. SCHWEIZERHOFBR.', 'LAGER,PALE', NULL, 5.00, 1028),
(179, 'LOSCHER BIER', 'LAGER,PALE', NULL, 5.00, 1060),
(180, 'LOWENBRAU', 'LAGER,PALE', NULL, 5.00, 1062),
(181, 'MANNLICH', 'LAGER,PALE', NULL, 5.00, 1015),
(182, 'MONCHSGOLD', 'LAGER,PALE', NULL, 5.00, 1010),
(183, 'PATRIZIER', 'LAGER,PALE', NULL, 5.00, 1132),
(184, 'PAULANER HELL URTYP', 'LAGER,PALE', NULL, 5.50, 1133),
(185, 'PINKUS SPEZIAL', 'LAGER,PALE', NULL, 5.10, 1142),
(186, 'PLANKSTETTEN SPEZIAL', 'LAGER,PALE', NULL, 5.30, 1163),
(187, 'POLSTER', 'LAGER,PALE', NULL, 5.00, 1147),
(188, 'PRIMA', 'LAGER,PALE', NULL, 4.60, 1163),
(189, 'REGENTEN', 'LAGER,PALE', NULL, 5.00, 1160),
(190, 'REICHELBRAU FESTBIER', 'LAGER,PALE', NULL, 5.00, 1161),
(191, 'RIEGELE HELL', 'LAGER,PALE', NULL, 5.00, 1164),
(192, 'S. PAULI GIRL', 'LAGER,PALE', NULL, 5.00, 735),
(193, 'SPACE 2001', 'LAGER,PALE', NULL, 5.00, 1011),
(194, 'SPATENGOLD', 'LAGER,PALE', NULL, 5.40, 1229),
(195, 'STAUDER', 'LAGER,PALE', NULL, 5.00, 1244),
(196, 'TUCHER EXPORT', 'LAGER,PALE', NULL, 5.00, 1292),
(197, 'TYROLIAN BRAU', 'LAGER,PALE', NULL, 5.00, 893),
(198, 'WARSTEINER', 'LAGER,PALE', NULL, 5.00, 1325),
(199, 'WURZBURGER', 'LAGER,PALE', NULL, 5.00, 1342),
(200, 'PORT ROYAL EXPORT', 'LAGER,PALE', NULL, 5.00, 815),
(201, 'SALVA VIDA', 'LAGER,PALE', NULL, 5.00, 815),
(202, 'COBRA', 'LAGER,PALE', NULL, 5.00, 823),
(203, 'KALYANI', 'LAGER,PALE', NULL, 4.80, 1301),
(204, 'KINGFISHER', 'LAGER,PALE', NULL, 5.00, 1301),
(205, 'XXX LAGER', 'LAGER,PALE', NULL, 5.00, 1346),
(206, 'HARP', 'LAGER,PALE', NULL, 5.00, 946),
(207, 'MACCABEE', 'LAGER,PALE', NULL, 4.90, 1258),
(208, '1492', 'LAGER,PALE', NULL, 4.70, 872),
(209, '150 ANNIVERSARIO CHIARA', 'LAGER,PALE', NULL, 5.00, 1081),
(210, 'ASTER BIER', 'LAGER,PALE', NULL, 4.70, 931),
(211, 'BF&D HELL', 'LAGER,PALE', NULL, 5.00, 744),
(212, 'BIONDA', 'LAGER,PALE', NULL, 5.00, 793),
(213, 'BIONDA', 'LAGER,PALE', NULL, 5.20, 1111),
(214, 'BIRRA CASTELLO', 'LAGER,PALE', NULL, 5.00, 808),
(215, 'CASTELBERG', 'LAGER,PALE', NULL, 5.40, 1193),
(216, 'CERVISIA', 'LAGER,PALE', NULL, 4.50, 817),
(217, 'CLARA', 'LAGER,PALE', NULL, 4.80, 755),
(218, 'CREMONA', 'LAGER,PALE', NULL, 4.80, 812),
(219, 'CRYSTALL WUHRER', 'LAGER,PALE', NULL, 5.00, 1340),
(220, 'DANA BRAU', 'LAGER,PALE', NULL, 4.50, 1340),
(221, 'DREHER', 'LAGER,PALE', NULL, 5.00, 872),
(222, 'EL FIGOUN', 'LAGER,PALE', NULL, 5.20, 697),
(223, 'FORST BIRRA DI PASQUA', 'LAGER,PALE', NULL, 5.60, 916),
(224, 'ICHNUSA', 'LAGER,PALE', NULL, 5.00, 996),
(225, 'KRONEN', 'LAGER,PALE', NULL, 5.00, 916),
(226, 'LOCKWOODS EXPORT BIER', 'LAGER,PALE', NULL, 5.00, 1059),
(227, 'MARILYN', 'LAGER,PALE', NULL, 4.90, 752),
(228, 'MORETTI', 'LAGER,PALE', NULL, 4.70, 1093),
(229, 'MULLER', 'LAGER,PALE', NULL, 6.00, 793),
(230, 'NASTRO AZZURRO', 'LAGER,PALE', NULL, 5.00, 1139),
(231, 'OMNIA', 'LAGER,PALE', NULL, 5.50, 714),
(232, 'PAULVER LAGER', 'LAGER,PALE', NULL, 5.00, 1240),
(233, 'PEDAVENA', 'LAGER,PALE', NULL, 5.00, 970),
(234, 'PERONI', 'LAGER,PALE', NULL, 4.60, 1139),
(235, 'PRAFORTE CHIARA', 'LAGER,PALE', NULL, 5.00, 1261),
(236, 'PRINZ BRAU PREMIUM', 'LAGER,PALE', NULL, 5.00, 1152),
(237, 'PUSTERTALER SPEZIAL', 'LAGER,PALE', NULL, 5.40, 1154),
(238, 'S. VICTORS', 'LAGER,PALE', NULL, 4.50, 995),
(239, 'S.GIORGIO', 'LAGER,PALE', NULL, 5.00, 1148),
(240, 'SIMPLON', 'LAGER,PALE', NULL, 5.00, 1340),
(241, 'SPINNER', 'LAGER,PALE', NULL, 4.70, 931),
(242, 'SPLUGEN ORO', 'LAGER,PALE', NULL, 5.00, 1148),
(243, 'STELVIO', 'LAGER,PALE', NULL, 4.80, 1247),
(244, 'STUCK', 'LAGER,PALE', NULL, 5.50, 1341),
(245, 'SVEVA', 'LAGER,PALE', NULL, 5.00, 938),
(246, 'THERESIANER PREMIUM', 'LAGER,PALE', NULL, 4.80, 1265),
(247, 'VALLEY CONTINENTAL LAGER', 'LAGER,PALE', NULL, 5.00, 1310),
(248, 'VECCHIO PESCATORE', 'LAGER,PALE', NULL, 5.00, 1318),
(249, 'VIKING BEER', 'LAGER,PALE', NULL, 5.50, 1148),
(250, 'VON WUNSTER CHIARA', 'LAGER,PALE', NULL, 5.00, 1341),
(251, 'WUNSTER EXPORT 14', 'LAGER,PALE', NULL, 5.00, 1341),
(252, 'ASASHI SUPER DRY', 'LAGER,PALE', NULL, 5.00, 708),
(253, 'KIRIN', 'LAGER,PALE', NULL, 5.00, 1019),
(254, 'KIRIN ICHIBAN', 'LAGER,PALE', NULL, 5.50, 1019),
(255, 'SAPPORO BLACK LABEL', 'LAGER,PALE', NULL, 5.00, 1194),
(256, 'SAPPORO DRAFT BEER', 'LAGER,PALE', NULL, 5.00, 1194),
(257, 'SAPPORO PREMIUM LAGER', 'LAGER,PALE', NULL, 4.50, 947),
(258, 'YEBISU', 'LAGER,PALE', NULL, 5.00, 1194),
(259, 'TUSKER PREMIUM LAGER', 'LAGER,PALE', NULL, 5.00, 1016),
(260, 'CISK LAGER', 'LAGER,PALE', NULL, 5.00, 905),
(261, 'BOHEMIA LAGER', 'LAGER,PALE', NULL, 5.30, 761),
(262, 'CORONA EXTRA', 'LAGER,PALE', NULL, 4.50, 1087),
(263, 'DOS EQUIS LAGER', 'LAGER,PALE', NULL, 4.60, 1086),
(264, 'SOL', 'LAGER,PALE', NULL, 5.00, 1086),
(265, 'AMSTEL', 'LAGER,PALE', NULL, 5.00, 698),
(266, 'AMSTEL ZOMMER', 'LAGER,PALE', NULL, 5.00, 971),
(267, 'BAVARIA', 'LAGER,PALE', NULL, 5.00, 729),
(268, 'BREDA', 'LAGER,PALE', NULL, 5.00, 782),
(269, 'GROLSCH LAGER', 'LAGER,PALE', NULL, 5.00, 945),
(270, 'HEINEKEN', 'LAGER,PALE', NULL, 5.00, 971),
(271, 'HOLLANDIA', 'LAGER,PALE', NULL, 4.80, 950),
(272, 'ROYAL BRAND', 'LAGER,PALE', NULL, 5.00, 771),
(273, 'ROYAL DUTCH', 'LAGER,PALE', NULL, 5.00, 1151),
(274, 'TULIPAN', 'LAGER,PALE', NULL, 5.00, 1256),
(275, 'HANSA', 'LAGER,PALE', NULL, 4.70, 960),
(276, 'CUSQUENA', 'LAGER,PALE', NULL, 5.00, 816),
(277, 'LECH PREMIUM', 'LAGER,PALE', NULL, 5.70, 1024),
(278, 'IMPERIAL', 'LAGER,PALE', NULL, 5.10, 811),
(279, 'SAGRES', 'LAGER,PALE', NULL, 5.00, 811),
(280, 'SUPERBOCK', 'LAGER,PALE', NULL, 5.80, 1297),
(281, 'CAVALIER MC EWANS', 'LAGER,PALE', NULL, 5.00, 1208),
(282, 'TENNENTS 1885', 'LAGER,PALE', NULL, 5.00, 1259),
(283, 'TENNENTS EXTRA', 'LAGER,PALE', NULL, 4.50, 1259),
(284, 'TENNENTS LAGER', 'LAGER,PALE', NULL, 5.00, 1259),
(285, 'TIGER', 'LAGER,PALE', NULL, 5.00, 710),
(286, 'GOLD HORN', 'LAGER,PALE', NULL, 5.00, 1046),
(287, 'LASKO', 'LAGER,PALE', NULL, 5.00, 1046),
(288, 'PREMIUM PIVO', 'LAGER,PALE', NULL, 5.00, 1299),
(289, 'SMILE', 'LAGER,PALE', NULL, 5.00, 1299),
(290, 'UNION SVETLO PIVO', 'LAGER,PALE', NULL, 5.00, 1299),
(291, 'ZLATOROG CLUB', 'LAGER,PALE', NULL, 5.00, 1046),
(292, 'ZLATOROG PIVO', 'LAGER,PALE', NULL, 5.00, 1046),
(293, 'AMBAR', 'LAGER,PALE', NULL, 5.20, 1040),
(294, 'ESTRELLA GALICIA', 'LAGER,PALE', NULL, 5.00, 981),
(295, 'XIBECA', 'LAGER,PALE', NULL, 4.60, 836),
(296, 'BARBARA', 'LAGER,PALE', NULL, 5.90, 887),
(297, 'BIERA ENGIADINAISA', 'LAGER,PALE', NULL, 5.00, 746),
(298, 'CALANDA BRAU', 'LAGER,PALE', NULL, 4.80, 797),
(299, 'CALANDA EDELBRAU', 'LAGER,PALE', NULL, 5.20, 797),
(300, 'CALANDA MEISTERBRAU', 'LAGER,PALE', NULL, 5.20, 797),
(301, 'CARDINAL DRAFT', 'LAGER,PALE', NULL, 4.90, 803),
(302, 'COOP BIO BIER', 'LAGER,PALE', NULL, 5.20, 1058),
(303, 'QUOLLFRISCH', 'LAGER,PALE', NULL, 5.00, 1058),
(304, 'TELL', 'LAGER,PALE', NULL, 4.80, 827),
(305, 'NORRLANDS GUND', 'LAGER,PALE', NULL, 5.30, 1230),
(306, 'OLD GOLD', 'LAGER,PALE', NULL, 5.00, 1230),
(307, 'SPENDRUPS EXPORT', 'LAGER,PALE', NULL, 5.00, 1230),
(308, 'SPENDRUPS ORIGINAL', 'LAGER,PALE', NULL, 5.20, 1230),
(309, 'HINANO', 'LAGER,PALE', NULL, 4.90, 773),
(310, 'SHINGA BEER', 'LAGER,PALE', NULL, 6.00, 763),
(311, 'ZHIGULI BEER', 'LAGER,PALE', NULL, 4.20, 1353),
(312, 'BLUE RIBBON', 'LAGER,PALE', NULL, 4.60, 1125),
(313, 'BROOKLIN LAGER', 'LAGER,PALE', NULL, 5.00, 786),
(314, 'BUDWEISER LAGER', 'LAGER,PALE', NULL, 4.80, 701),
(315, 'BUDWEISER PREMIUM BEER', 'LAGER,PALE', NULL, 5.00, 701),
(316, 'BUSH', 'LAGER,PALE', NULL, 5.00, 701),
(317, 'GENUINE DRAFT', 'LAGER,PALE', NULL, 4.70, 1085),
(318, 'LONGBOARD LAGER', 'LAGER,PALE', NULL, 5.50, 1025),
(319, 'MICHELOB', 'LAGER,PALE', NULL, 4.80, 701),
(320, 'MILLER HIGH LIFE', 'LAGER,PALE', NULL, 5.00, 1085),
(321, 'MILLER LITE', 'LAGER,PALE', NULL, 5.00, 1085),
(322, 'OLYMPIA', 'LAGER,PALE', NULL, 4.30, 1115),
(323, 'SAMUEL ADAMS BOSTON LAGER', 'LAGER,PALE', NULL, 5.00, 765),
(324, 'SCHMIDTS', 'LAGER,PALE', NULL, 5.00, 795),
(325, 'STROHS', 'LAGER,PALE', NULL, 5.00, 1255),
(326, 'BECEJSKO PIVO', 'LAGER,PALE', NULL, 5.00, 690),
(327, 'GOLD PIVO', 'LAGER,PALE', NULL, 5.00, 1145),
(328, 'HELEN PIVO', 'LAGER,PALE', NULL, 5.00, 1145),
(329, 'NIKSICKO PIVO', 'LAGER,PALE', NULL, 5.00, 1144),
(330, 'OZUJSKO PIVO', 'LAGER,PALE', NULL, 5.00, 1350),
(331, 'EGGENBERGER URBOCK', 'STRONG LAGE', 'BOCK', 9.90, 883),
(332, 'LIBERTY BEER', 'STRONG LAGE', 'BOCK', 7.40, 883),
(333, 'STEINBOCK', 'STRONG LAGE', 'BOCK', 5.00, 987),
(334, 'BERGBOCK HELL', 'STRONG LAGE', 'BOCK', 6.80, 1021),
(335, 'BOMBERS PIN UP', 'STRONG LAGE', 'BOCK', 7.50, 893),
(336, 'EINBECKER URBOCK', 'STRONG LAGE', 'BOCK', 5.00, 888),
(337, 'EKU EDELBOCK', 'STRONG LAGE', 'BOCK', 6.80, 895),
(338, 'FORTATOR', 'STRONG LAGE', 'BOCK', 12.00, 893),
(339, 'GAMBRINUS DOPPELBOCK', 'STRONG LAGE', 'BOCK', 5.00, 928),
(340, 'GOLDBOCK', 'STRONG LAGE', 'BOCK', 7.10, 1334),
(341, 'GOLDSTADT 22', 'STRONG LAGE', 'BOCK', 8.00, 780),
(342, 'HELLER BOCK', 'STRONG LAGE', 'BOCK', 5.00, 704),
(343, 'HUIT CYLINDRES', 'STRONG LAGE', 'BOCK', 7.50, 893),
(344, 'MAHRS BOCK', 'STRONG LAGE', 'BOCK', 6.50, 1069),
(345, 'PAULANER URBOCK', 'STRONG LAGE', 'BOCK', 7.50, 1133),
(346, 'SENATOR URBOCK', 'STRONG LAGE', 'BOCK', 5.00, 988),
(347, 'URACHER OLPP', 'STRONG LAGE', 'BOCK', 5.00, 1114),
(348, '709', 'STRONG LAGE', 'BOCK', 6.20, 754),
(349, 'BF&D BOCK', 'STRONG LAGE', 'BOCK', 5.00, 744),
(350, 'BIBOCK', 'STRONG LAGE', 'BOCK', 6.20, 753),
(351, 'FORST MEIBOCK', 'STRONG LAGE', 'BOCK', 5.00, 916),
(352, 'MOLTOMALTO', 'STRONG LAGE', 'BOCK', 7.50, 733),
(353, 'RISERVA ORO PLANAIS', 'STRONG LAGE', 'BOCK', 6.20, 808),
(354, 'SPLUGEN BOCK', 'STRONG LAGE', 'BOCK', 5.00, 1148),
(355, 'SPLUGEN BOCK ROSSA', 'STRONG LAGE', 'BOCK', 5.00, 1148),
(356, 'BLONDE BOCK', 'STRONG LAGE', 'BOCK', 5.00, 937),
(357, 'DEAD GUY ALE', 'STRONG LAGE', 'BOCK', 6.80, 1173),
(358, 'MAIBOCK', 'STRONG LAGE', 'BOCK', 5.00, 936),
(359, 'MAIBOCK', 'STRONG LAGE', 'BOCK', 5.00, 692),
(360, 'BROWN BEAR', 'STRONG LAGE', 'EXTRASTRONG', 10.00, 962),
(361, 'BIERE DU DEMON', 'STRONG LAGE', 'EXTRASTRONG', 12.00, 892),
(362, 'BIERE SPECIALE SUPER FORTE', 'STRONG LAGE', 'EXTRASTRONG', 7.90, 886),
(363, '8.6', 'STRONG LAGE', 'EXTRASTRONG', 7.90, 729),
(364, 'AMSTERDAM NAVIGATOR', 'STRONG LAGE', 'EXTRASTRONG', 10.00, 945),
(365, 'GORDON FINEST GOLD', 'STRONG LAGE', 'EXTRASTRONG', 10.00, 1005),
(366, 'TENNENTS SUPER', 'STRONG LAGE', 'EXTRASTRONG', 9.60, 1259),
(367, 'JESINA SPEZIAL BIER', 'STRONG LAGE', NULL, 5.00, 1200),
(368, 'EXTRA STOCK', 'STRONG LAGE', NULL, 7.20, 1041),
(369, 'OLD STOCK', 'STRONG LAGE', NULL, 6.00, 804),
(370, 'BJORN BEER', 'STRONG LAGE', NULL, 8.90, 962),
(371, 'CARLSBERG SPECIAL', 'STRONG LAGE', NULL, 8.50, 806),
(372, 'CERES EXPORT', 'STRONG LAGE', NULL, 7.70, 813),
(373, 'ELEPHANT', 'STRONG LAGE', NULL, 7.10, 806),
(374, 'GIRAF', 'STRONG LAGE', NULL, 6.80, 691),
(375, 'ROYAL DENMARK', 'STRONG LAGE', NULL, 7.80, 1290),
(376, 'ALLSOPPS STRONG LAGER', 'STRONG LAGE', NULL, 5.00, 998),
(377, 'CHESTER STORM', 'STRONG LAGE', NULL, 8.40, 819),
(378, 'CREST SUPER', 'STRONG LAGE', NULL, 10.00, 833),
(379, 'MUST', 'STRONG LAGE', NULL, 8.20, 678),
(380, 'SLALOM STRONG LAGER', 'STRONG LAGE', NULL, 5.00, 1077),
(381, 'TRENT STRONG BEER', 'STRONG LAGE', NULL, 7.50, 1283),
(382, 'LAPIN KULTA 7', 'STRONG LAGE', NULL, 7.00, 1045),
(383, '1664 DE KRONENBOURG', 'STRONG LAGE', NULL, 6.10, 1027),
(384, 'BEAUBOURG', 'STRONG LAGE', NULL, 5.00, 892),
(385, 'BIERE DU DESERT', 'STRONG LAGE', NULL, 7.00, 892),
(386, 'BIERE DU MYSTERE', 'STRONG LAGE', NULL, 6.40, 892),
(387, 'BIERE PRIMEUR', 'STRONG LAGE', NULL, 6.60, 910),
(388, 'FISCHER DOPPIO MALTO', 'STRONG LAGE', NULL, 5.00, 910),
(389, 'FISCHER GOLD PREMIUM', 'STRONG LAGE', NULL, 6.60, 910),
(390, 'TRADITION DE FISCHER', 'STRONG LAGE', NULL, 6.50, 910),
(391, 'BELFAGOR', 'STRONG LAGE', NULL, 5.00, 1213),
(392, 'EULER MAXIMILIAN', 'STRONG LAGE', NULL, 5.00, 897),
(393, 'FRANZISKUS', 'STRONG LAGE', NULL, 6.70, 1229),
(394, 'GOLD EXPLOSION', 'STRONG LAGE', NULL, 7.20, 976),
(395, 'TEKKNO', 'STRONG LAGE', NULL, 6.40, 1011),
(396, 'TROMPE LA MORT', 'STRONG LAGE', NULL, 5.00, 893),
(397, 'GOLDEN FIRE', 'STRONG LAGE', NULL, 6.50, 1097),
(398, 'HARP STRONG', 'STRONG LAGE', NULL, 7.00, 946),
(399, 'AMBRA', 'STRONG LAGE', NULL, 7.00, 793),
(400, 'CRYSTALL DOPPIO MALTO', 'STRONG LAGE', NULL, 5.00, 1340),
(401, 'GOLDEN MALT', 'STRONG LAGE', NULL, 5.00, 1341),
(402, 'LA MI DONA', 'STRONG LAGE', NULL, 6.50, 697),
(403, 'PERONI GRAN RISERVA', 'STRONG LAGE', NULL, 6.60, 1139),
(404, 'RE MAGI', 'STRONG LAGE', NULL, 8.00, 733),
(405, 'SANS SOUCI', 'STRONG LAGE', NULL, 5.00, 1093),
(406, 'STRENNA', 'STRONG LAGE', NULL, 7.00, 812),
(407, 'EXTRA STRONG', 'STRONG LAGE', NULL, 6.00, 1185),
(408, 'DEBOWE MOCNE', 'STRONG LAGE', NULL, 7.00, 1024),
(409, 'VOLL DAMM', 'STRONG LAGE', NULL, 7.20, 836),
(410, 'RED BULL', 'STRONG LAGE', NULL, 7.00, 1255),
(411, 'MARZENBBOCK', 'LAGER, AMBE', 'BOCK', 7.20, 1334),
(412, 'IMPERATOR', 'LAGER, AMBE', 'BOCK', 6.50, 771),
(413, 'KULMINATOR URTYP HELL', 'LAGER, AMBE', 'EXTRASTRONG', 11.00, 895),
(414, 'TABACHERA', 'LAGER, AMBE', 'EXTRASTRONG', 10.00, 697),
(415, 'CAESAURUS', 'LAGER, AMBE', 'EXTRASTRONG', 12.60, 993),
(416, 'SAMICHLAUS PALE', 'LAGER, AMBE', 'EXTRASTRONG', 4.00, 993),
(417, 'AUGUSTINER OCTOBERFEST', 'LAGER, AMBE', 'MARZEN-OCTOBER', 5.00, 712),
(418, 'OKTOBERFESTBIER', 'LAGER, AMBE', 'MARZEN-OCTOBER', 5.90, 1229),
(419, 'CITTAVECCHIA ROSSA', 'LAGER, AMBE', 'MARZEN-OCTOBER', 5.00, 821),
(420, 'RISERVA ROSSA PLANAIS', 'LAGER, AMBE', 'MARZEN-OCTOBER', 6.20, 808),
(421, 'THERESIANER VIENNA', 'LAGER, AMBE', 'MARZEN-OCTOBER', 5.30, 1265),
(422, 'ZAHRE VIENNA', 'LAGER, AMBE', 'MARZEN-OCTOBER', 5.00, 1351),
(423, 'DOS EQUIS', 'LAGER, AMBE', 'MARZEN-OCTOBER', 4.60, 1086),
(424, 'GORDON BIERSCH MARZEN', 'LAGER, AMBE', 'MARZEN-OCTOBER', 5.00, 937),
(425, 'RED ROOST', 'LAGER, AMBE', 'MARZEN-OCTOBER', 5.00, 1038),
(426, 'ROCKFELLER RED', 'LAGER, AMBE', 'MARZEN-OCTOBER', 5.00, 824),
(427, 'SAMUEL ADAMS OCTOBERFEST', 'LAGER, AMBE', 'MARZEN-OCTOBER', 5.70, 765),
(428, 'SAMUEL ADAMS WINTERFEST', 'LAGER, AMBE', 'MARZEN-OCTOBER', 5.00, 765),
(429, 'WINTER LAGER', 'LAGER, AMBE', 'MARZEN-OCTOBER', 5.00, 1131),
(430, 'ORIGINAL RED', 'LAGER, AMBE', NULL, 7.20, 1041),
(431, 'PERNSTEJN DARK', 'LAGER, AMBE', NULL, 5.00, 1138),
(432, 'RED DRAK', 'LAGER, AMBE', NULL, 6.00, 1242),
(433, 'STAROPRAMEN GRANAT', 'LAGER, AMBE', NULL, 4.80, 1243),
(434, 'JULEBRYG', 'LAGER, AMBE', NULL, 5.60, 1290),
(435, 'PASKE BRYG', 'LAGER, AMBE', NULL, 8.70, 806),
(436, 'SOHO RED', 'LAGER, AMBE', NULL, 4.60, 920),
(437, 'MORTIMER', 'LAGER, AMBE', NULL, 7.60, 1083),
(438, 'REDSON', 'LAGER, AMBE', NULL, 5.00, 1027),
(439, 'HENNIGER ROSSA', 'LAGER, AMBE', NULL, 5.00, 973),
(440, 'PAULANER ROSSA', 'LAGER, AMBE', NULL, 5.00, 1133),
(441, 'S. GEORGEN BOCK', 'LAGER, AMBE', NULL, 5.00, 780),
(442, '150 ANNIVERSARIO AMBRATA', 'LAGER, AMBE', NULL, 5.00, 1081),
(443, 'AMBER SHOCK', 'LAGER, AMBE', NULL, 7.00, 753),
(444, 'BIRRA DI NATALE', 'LAGER, AMBE', NULL, 8.00, 733),
(445, 'GILDA', 'LAGER, AMBE', NULL, 4.50, 733),
(446, 'LA FABBRICA BOCK', 'LAGER, AMBE', NULL, 4.50, 1037),
(447, 'LA ROSSA FRIULANA', 'LAGER, AMBE', NULL, 5.00, 1093),
(448, 'PRAFORTE ROSSA', 'LAGER, AMBE', NULL, 5.00, 1261),
(449, 'PUTENA', 'LAGER, AMBE', NULL, 7.50, 697),
(450, 'RED RIBBON', 'LAGER, AMBE', NULL, 5.00, 1139),
(451, 'ROSSA', 'LAGER, AMBE', NULL, 6.70, 793),
(452, 'ROXANNE', 'LAGER, AMBE', NULL, 5.80, 752),
(453, 'RUBINIA', 'LAGER, AMBE', NULL, 7.00, 714),
(454, 'RUFUS BOCK', 'LAGER, AMBE', NULL, 7.80, 755),
(455, 'SANGRE DE TORO', 'LAGER, AMBE', NULL, 7.50, 733),
(456, 'SPLUGEN RED', 'LAGER, AMBE', NULL, 5.00, 1148),
(457, 'VECCHIO BIRRAIO AMBRATA', 'LAGER, AMBE', NULL, 5.00, 1317),
(458, 'DOPPO AMBER', 'LAGER, AMBE', NULL, 5.00, 868),
(459, 'ROBERTUS', 'LAGER, AMBE', NULL, 6.00, 1234),
(460, 'UNION AMBER', 'LAGER, AMBE', NULL, 5.50, 1299),
(461, 'AMBAR ESPECIAL', 'LAGER, AMBE', NULL, 7.00, 1040),
(462, 'OLD WEST AMBER BEER', 'LAGER, AMBE', NULL, 5.10, 1113),
(463, 'ASASHI BLACK BEER', 'LAGER, DARK', 'BLACK', 5.00, 708),
(464, 'SAPPORO BLACK BEER', 'LAGER, DARK', 'BLACK', 5.00, 1194),
(465, 'EGGENBERGER FESTBOCK', 'LAGER, DARK', 'DOPPELBOCK', 9.90, 883),
(466, 'ANIMATOR', 'LAGER, DARK', 'DOPPELBOCK', 5.00, 954),
(467, 'AYINGER WINTER BOCK', 'LAGER, DARK', 'DOPPELBOCK', 6.70, 713),
(468, 'BAJUVATOR', 'LAGER, DARK', 'DOPPELBOCK', 5.00, 1292),
(469, 'BECKERS JUBILAUMSBOCK', 'LAGER, DARK', 'DOPPELBOCK', 5.00, 734),
(470, 'BERGBOCK DUNKEL', 'LAGER, DARK', 'DOPPELBOCK', 6.80, 1021),
(471, 'BOCULATOR', 'LAGER, DARK', 'DOPPELBOCK', 5.00, 1132),
(472, 'BURONATOR', 'LAGER, DARK', 'DOPPELBOCK', 6.90, 1177),
(473, 'CELEBRATOR', 'LAGER, DARK', 'DOPPELBOCK', 7.30, 713),
(474, 'CORONATOR', 'LAGER, DARK', 'DOPPELBOCK', 7.50, 704),
(475, 'DELICATOR', 'LAGER, DARK', 'DOPPELBOCK', 5.00, 984),
(476, 'FEUERIO TROPFEN', 'LAGER, DARK', 'DOPPELBOCK', 9.00, 953),
(477, 'OPTIMATOR', 'LAGER, DARK', 'DOPPELBOCK', 6.80, 1229),
(478, 'SALVATOR', 'LAGER, DARK', 'DOPPELBOCK', 7.50, 1133),
(479, 'SUFFIKATOR', 'LAGER, DARK', 'DOPPELBOCK', 6.80, 1302),
(480, 'TRIUMPHATOR', 'LAGER, DARK', 'DOPPELBOCK', 5.00, 1062),
(481, 'SCHAFLY DOPPELBOCK', 'LAGER, DARK', 'DOPPELBOCK', 5.00, 1199),
(482, 'WINTERBOCK', 'LAGER, DARK', 'DOPPELBOCK', 5.00, 937),
(483, 'GOSSER DARK', 'LAGER, DARK', 'DUNKEL', 4.60, 1246),
(484, 'GOSSER STIFTS BRAU', 'LAGER, DARK', 'DUNKEL', 3.80, 1246),
(485, 'STARKENBERGER DUNKEL', 'LAGER, DARK', 'DUNKEL', 4.80, 1203),
(486, 'ANTONIUS DUNKEL', 'LAGER, DARK', 'DUNKEL', 5.40, 1239),
(487, 'DUNKLE PERLE', 'LAGER, DARK', 'DUNKEL', 5.50, 907),
(488, 'EKU RUBIN', 'LAGER, DARK', 'DUNKEL', 5.00, 895),
(489, 'FRANKENBRAU', 'LAGER, DARK', 'DUNKEL', 5.00, 919),
(490, 'HOFMARK DUNKEL', 'LAGER, DARK', 'DUNKEL', 5.00, 986),
(491, 'KNEITINGER DUNKEL', 'LAGER, DARK', 'DUNKEL', 5.00, 1022),
(492, 'KONIG LUDWIG DUNKEL', 'LAGER, DARK', 'DUNKEL', 5.10, 1202),
(493, 'LOWENBRAU DUNKEL', 'LAGER, DARK', 'DUNKEL', 5.00, 1062),
(494, 'MEISTER DUNKEL', 'LAGER, DARK', 'DUNKEL', 5.00, 973),
(495, 'ST. MAFFEO', 'LAGER, DARK', 'DUNKEL', 5.00, 745),
(496, 'CRNI BARON', 'LAGER, DARK', 'DUNKEL', 5.30, 1299),
(497, 'CALANDA DUNKEL', 'LAGER, DARK', 'DUNKEL', 4.80, 797),
(498, 'EISBOCK', 'LAGER, DARK', 'EISBOCK', 8.00, 1105),
(499, 'EISBOCK REICHELBRAU', 'LAGER, DARK', 'EISBOCK', 10.00, 1161),
(500, 'EDELBIER FEUERFEST', 'LAGER, DARK', 'EXTRASTRONG', 11.00, 1198),
(501, 'SAMICHLAUS', 'LAGER, DARK', 'EXTRASTRONG', 4.00, 884),
(502, 'SAMICHLAUS DARK', 'LAGER, DARK', 'EXTRASTRONG', 4.00, 993),
(503, 'KENNEN SCURA', 'LAGER, DARK', NULL, 5.00, 1153),
(504, 'KRONENBOURG SCURA', 'LAGER, DARK', NULL, 5.00, 1027),
(505, 'BECKS SCURA', 'LAGER, DARK', NULL, 5.00, 735),
(506, 'BINDING DARK LAGER', 'LAGER, DARK', NULL, 4.80, 747),
(507, 'RITTER BRAU', 'LAGER, DARK', NULL, 5.00, 1167),
(508, 'SAARFURST SCURA', 'LAGER, DARK', NULL, 5.00, 1188),
(509, 'WARSTEINER SCURA', 'LAGER, DARK', NULL, 5.00, 1325),
(510, 'ALL BLACK', 'LAGER, DARK', NULL, 6.40, 752),
(511, 'BARBU', 'LAGER, DARK', NULL, 6.00, 812),
(512, 'BUSALLA NERA', 'LAGER, DARK', NULL, 5.00, 793),
(513, 'FUSCA', 'LAGER, DARK', NULL, 6.60, 714),
(514, 'GRAFITE', 'LAGER, DARK', NULL, 4.50, 733),
(515, 'MORETTI SCURA', 'LAGER, DARK', NULL, 5.00, 1093),
(516, 'MOTOR OIL', 'LAGER, DARK', NULL, 8.00, 733),
(517, 'NIGRA', 'LAGER, DARK', NULL, 6.20, 753),
(518, 'PERONI BLACK', 'LAGER, DARK', NULL, 5.00, 1139),
(519, 'PRIMA', 'LAGER, DARK', NULL, 5.00, 753),
(520, 'SIXTUS', 'LAGER, DARK', NULL, 5.00, 916),
(521, 'SPLUGEN DARK', 'LAGER, DARK', NULL, 5.00, 1148),
(522, 'VON WUNSTER', 'LAGER, DARK', NULL, 5.00, 1341),
(523, 'WUNSTER SUPER 18', 'LAGER, DARK', NULL, 5.00, 1341),
(524, 'DOUBLE SWIJNKELS', 'LAGER, DARK', NULL, 5.00, 1256),
(525, 'HEINEKEN BOCK', 'LAGER, DARK', NULL, 5.00, 971),
(526, 'ORANJEBOOM DARK', 'LAGER, DARK', NULL, 5.00, 1118),
(527, 'TEMNO LASKO', 'LAGER, DARK', NULL, 5.00, 1046),
(528, 'AMBAR NEGRA', 'LAGER, DARK', NULL, 4.80, 1040),
(529, 'GAMMEL BRYGD 1992', 'LAGER, DARK', NULL, 4.50, 903),
(530, 'JULE OL', 'LAGER, DARK', NULL, 5.30, 1230),
(531, 'BERGHOFF DARK', 'LAGER, DARK', NULL, 5.00, 742),
(532, 'BUSH BEER', 'ALE, ENGLIS', 'BARLEY WINE', 12.00, 877),
(533, 'BUSH NOEL', 'ALE, ENGLIS', 'BARLEY WINE', 12.00, 877),
(534, 'LA COCHONNETTE', 'ALE, ENGLIS', 'BARLEY WINE', 9.50, 1316),
(535, 'BISHOPS ALE', 'ALE, ENGLIS', 'BARLEY WINE', 5.00, 1162),
(536, 'CRIPPLE DICK', 'ALE, ENGLIS', 'BARLEY WINE', 11.70, 1233),
(537, 'DOMESDAY (STRONGEST)', 'ALE, ENGLIS', 'BARLEY WINE', 5.90, 861),
(538, 'DOMESDAY ANNIVERSARY', 'ALE, ENGLIS', 'BARLEY WINE', 9.50, 860),
(539, 'GOLD LABEL', 'ALE, ENGLIS', 'BARLEY WINE', 10.40, 1332),
(540, 'GOLDEN PRIDE', 'ALE, ENGLIS', 'BARLEY WINE', 5.00, 924),
(541, 'GOLDIE BARLEY WINE', 'ALE, ENGLIS', 'BARLEY WINE', 5.00, 891),
(542, 'IMPERIAL OLD ALE 89', 'ALE, ENGLIS', 'BARLEY WINE', 5.00, 1338),
(543, 'MILENNIUM 2000 ALE', 'ALE, ENGLIS', 'BARLEY WINE', 10.50, 1143),
(544, 'OLD NICKS', 'ALE, ENGLIS', 'BARLEY WINE', 7.30, 1349),
(545, 'OLD PECKER', 'ALE, ENGLIS', 'BARLEY WINE', 9.70, 718),
(546, 'RIDLEYS 27', 'ALE, ENGLIS', 'BARLEY WINE', 5.00, 1162),
(547, 'RUDDLES BARLEY WINE', 'ALE, ENGLIS', 'BARLEY WINE', 5.00, 1181),
(548, 'STRONG GOLDEN', 'ALE, ENGLIS', 'BARLEY WINE', 10.20, 1191),
(549, 'THE BISHOPS TIPPLE', 'ALE, ENGLIS', 'BARLEY WINE', 5.00, 934),
(550, 'TRIPLE DIAMOND', 'ALE, ENGLIS', 'BARLEY WINE', 102.00, 998),
(551, 'VINTAGE ALE 1997', 'ALE, ENGLIS', 'BARLEY WINE', 8.50, 924),
(552, 'BELZEBUTH', 'ALE, ENGLIS', 'BARLEY WINE', 5.00, 1003),
(553, 'MAELSTORM', 'ALE, ENGLIS', 'BARLEY WINE', 6.00, 1241),
(554, 'VIN DORZ', 'ALE, ENGLIS', 'BARLEY WINE', 7.80, 1228),
(555, 'XIAOYU', 'ALE, ENGLIS', 'BARLEY WINE', 13.00, 717),
(556, 'SKULLSPLITTER', 'ALE, ENGLIS', 'BARLEY WINE', 8.50, 1119),
(557, 'BANDERSNATCH 25TH', 'ALE, ENGLIS', 'BARLEY WINE', 9.20, 722),
(558, 'BARELY LEGAL BARLEYWINE', 'ALE, ENGLIS', 'BARLEY WINE', 5.00, 1266),
(559, 'BIGFOOT', 'ALE, ENGLIS', 'BARLEY WINE', 10.30, 1215),
(560, 'BLITHERING IDIOT', 'ALE, ENGLIS', 'BARLEY WINE', 11.10, 1331),
(561, 'BROWN SHUGGA', 'ALE, ENGLIS', 'BARLEY WINE', 10.90, 1042),
(562, 'HEAVYWEIGHT', 'ALE, ENGLIS', 'BARLEY WINE', 5.00, 721),
(563, 'HORN DOG', 'ALE, ENGLIS', 'BARLEY WINE', 10.50, 913),
(564, 'MONSTER 2000', 'ALE, ENGLIS', 'BARLEY WINE', 11.80, 786),
(565, 'NAVIGATOR', 'ALE, ENGLIS', 'BARLEY WINE', 10.60, 719),
(566, 'OLD CRUSTACEAN', 'ALE, ENGLIS', 'BARLEY WINE', 11.30, 1173),
(567, 'OLD FOGHORN', 'ALE, ENGLIS', 'BARLEY WINE', 9.00, 699),
(568, 'OLD GUARDIAN', 'ALE, ENGLIS', 'BARLEY WINE', 9.90, 1251),
(569, 'OLD HORIZONTAL', 'ALE, ENGLIS', 'BARLEY WINE', 11.00, 1323),
(570, 'OLD SAGUARO', 'ALE, ENGLIS', 'BARLEY WINE', 5.00, 1227),
(571, 'OLD STOCK ALE', 'ALE, ENGLIS', 'BARLEY WINE', 11.40, 1106),
(572, 'SCHAFLY BARLEYWINE', 'ALE, ENGLIS', 'BARLEY WINE', 5.00, 1199),
(573, 'WELLINGTON PALE ALE', 'ALE, ENGLIS', 'BITTER/PALE', 5.00, 1298),
(574, '1828 ANNIVERSARY ALE', 'ALE, ENGLIS', 'BITTER/PALE', 4.80, 1048),
(575, '6X', 'ALE, ENGLIS', 'BITTER/PALE', 5.00, 1324),
(576, 'ABBOT ALE', 'ALE, ENGLIS', 'BITTER/PALE', 5.00, 943),
(577, 'ADNAMS BITTER', 'ALE, ENGLIS', 'BITTER/PALE', 3.70, 688),
(578, 'AK', 'ALE, ENGLIS', 'BITTER/PALE', 3.70, 1080),
(579, 'BASS PALE ALE', 'ALE, ENGLIS', 'BITTER/PALE', 5.00, 725),
(580, 'BATEMANS XB', 'ALE, ENGLIS', 'BITTER/PALE', 3.70, 727),
(581, 'BATEMANS XXXB', 'ALE, ENGLIS', 'BITTER/PALE', 4.80, 727),
(582, 'BETTY STODGE', 'ALE, ENGLIS', 'BITTER/PALE', 4.00, 1221),
(583, 'BLACK SHEEP SPECIAL', 'ALE, ENGLIS', 'BITTER/PALE', 4.40, 758),
(584, 'BLUEBIRD BITTER', 'ALE, ENGLIS', 'BITTER/PALE', 4.20, 826),
(585, 'BODDINGTONS PUB ALE', 'ALE, ENGLIS', 'BITTER/PALE', 4.80, 1254),
(586, 'BRAKSPEAR BITTER', 'ALE, ENGLIS', 'BITTER/PALE', 3.50, 770),
(587, 'BROADSHIELD BITTER', 'ALE, ENGLIS', 'BITTER/PALE', 4.00, 1335),
(588, 'BROADSIDE', 'ALE, ENGLIS', 'BITTER/PALE', 4.70, 688),
(589, 'BURTON ALE', 'ALE, ENGLIS', 'BITTER/PALE', 4.50, 998),
(590, 'BUTCOMBE BLOND BITTER', 'ALE, ENGLIS', 'BITTER/PALE', 4.00, 794),
(591, 'BUTCOMBE GOLD', 'ALE, ENGLIS', 'BITTER/PALE', 4.70, 794),
(592, 'CELEBRATION 2000 BEST', 'ALE, ENGLIS', 'BITTER/PALE', 4.30, 1080),
(593, 'CHARRINGTON IPA', 'ALE, ENGLIS', 'BITTER/PALE', 5.00, 725),
(594, 'CORNISH KNOCKER', 'ALE, ENGLIS', 'BITTER/PALE', 4.50, 1221),
(595, 'COTLEIGH 25', 'ALE, ENGLIS', 'BITTER/PALE', 4.20, 831),
(596, 'COURAGE (BEST) BITTER', 'ALE, ENGLIS', 'BITTER/PALE', 5.00, 832),
(597, 'COURAGE BEST BITTER', 'ALE, ENGLIS', 'BITTER/PALE', 5.00, 832),
(598, 'COURAGE N.1', 'ALE, ENGLIS', 'BITTER/PALE', 5.00, 832),
(599, 'DEACON', 'ALE, ENGLIS', 'BITTER/PALE', 4.60, 934),
(600, 'DEUCHARS IPA', 'ALE, ENGLIS', 'BITTER/PALE', 3.80, 798),
(601, 'DIRECTORS BITTER', 'ALE, ENGLIS', 'BITTER/PALE', 5.00, 832),
(602, 'DOOM BAR', 'ALE, ENGLIS', 'BITTER/PALE', 4.00, 1211),
(603, 'DORKINGS SUMMER ALE', 'ALE, ENGLIS', 'BITTER/PALE', 4.80, 1330),
(604, 'DORSET BEST', 'ALE, ENGLIS', 'BITTER/PALE', 4.00, 715),
(605, 'DOUBLE DIAMOND', 'ALE, ENGLIS', 'BITTER/PALE', 5.00, 998),
(606, 'DOUBLE HOP', 'ALE, ENGLIS', 'BITTER/PALE', 5.00, 1169),
(607, 'DRAUGHT BASS', 'ALE, ENGLIS', 'BITTER/PALE', 5.00, 725),
(608, 'EDEN ALE', 'ALE, ENGLIS', 'BITTER/PALE', 4.40, 1211),
(609, 'EXMOOR ALE', 'ALE, ENGLIS', 'BITTER/PALE', 3.80, 900),
(610, 'EXMOOR FOX', 'ALE, ENGLIS', 'BITTER/PALE', 4.20, 900),
(611, 'EXMOOR GOLD', 'ALE, ENGLIS', 'BITTER/PALE', 4.50, 900),
(612, 'FANFARE', 'ALE, ENGLIS', 'BITTER/PALE', 4.30, 908),
(613, 'FESTIVE ALE', 'ALE, ENGLIS', 'BITTER/PALE', 5.30, 1018),
(614, 'FIREFLY', 'ALE, ENGLIS', 'BITTER/PALE', 3.70, 1107),
(615, 'FLOWERS IPA', 'ALE, ENGLIS', 'BITTER/PALE', 3.60, 901),
(616, 'FLOWERS ORIGINAL', 'ALE, ENGLIS', 'BITTER/PALE', 4.30, 1332),
(617, 'FORTYNINER', 'ALE, ENGLIS', 'BITTER/PALE', 4.80, 1166),
(618, 'FREEDOM PALE', 'ALE, ENGLIS', 'BITTER/PALE', 4.50, 920),
(619, 'FREEDOM SUMMER ALE', 'ALE, ENGLIS', 'BITTER/PALE', 3.00, 920),
(620, 'FROG', 'ALE, ENGLIS', 'BITTER/PALE', 4.30, 908),
(621, 'GOLD EAGLE BITTER', 'ALE, ENGLIS', 'BITTER/PALE', 5.00, 819),
(622, 'GOLIATH', 'ALE, ENGLIS', 'BITTER/PALE', 4.50, 1343),
(623, 'GREENE KING IPA', 'ALE, ENGLIS', 'BITTER/PALE', 5.00, 943),
(624, 'GREENE KING IPA', 'ALE, ENGLIS', 'BITTER/PALE', 3.80, 943),
(625, 'HEWERS IPA', 'ALE, ENGLIS', 'BITTER/PALE', 3.60, 1158),
(626, 'HOOK NORTON BITTER', 'ALE, ENGLIS', 'BITTER/PALE', 3.40, 989),
(627, 'HOP & GLORY', 'ALE, ENGLIS', 'BITTER/PALE', 5.00, 709),
(628, 'HSB', 'ALE, ENGLIS', 'BITTER/PALE', 4.80, 927),
(629, 'IND COOPE PALE ALE', 'ALE, ENGLIS', 'BITTER/PALE', 5.00, 998),
(630, 'JEFFREY HUDSON BITTER', 'ALE, ENGLIS', 'BITTER/PALE', 3.80, 1108),
(631, 'JOHN BULL BITTER', 'ALE, ENGLIS', 'BITTER/PALE', 5.00, 998),
(632, 'JOHN SMITH SMOOTH', 'ALE, ENGLIS', 'BITTER/PALE', 5.00, 1006),
(633, 'LANDLORD', 'ALE, ENGLIS', 'BITTER/PALE', 4.30, 1269),
(634, 'LONDON PRIDE', 'ALE, ENGLIS', 'BITTER/PALE', 4.10, 924),
(635, 'MARSTONS PEDIGREE', 'ALE, ENGLIS', 'BITTER/PALE', 4.50, 1074),
(636, 'MARSTONS SINGLE MALT', 'ALE, ENGLIS', 'BITTER/PALE', 4.70, 1074),
(637, 'MOONDANCE', 'ALE, ENGLIS', 'BITTER/PALE', 4.20, 1286),
(638, 'MORLAND TANNERS JACK', 'ALE, ENGLIS', 'BITTER/PALE', 4.40, 943),
(639, 'MUSEUM ALE', 'ALE, ENGLIS', 'BITTER/PALE', 5.00, 1191),
(640, 'NELSONS REVENGE', 'ALE, ENGLIS', 'BITTER/PALE', 4.50, 1339),
(641, 'NEW QUAY STEAM BITTER', 'ALE, ENGLIS', 'BITTER/PALE', 4.70, 829),
(642, 'OAKHAM SKITTERS', 'ALE, ENGLIS', 'BITTER/PALE', 5.00, 1108),
(643, 'OLD BAILEY', 'ALE, ENGLIS', 'BITTER/PALE', 4.80, 1072),
(644, 'OLD BREWERY BITTER', 'ALE, ENGLIS', 'BITTER/PALE', 5.00, 1191),
(645, 'OLD BREWERY PALE', 'ALE, ENGLIS', 'BITTER/PALE', 5.00, 1191),
(646, 'OLD HOOKY', 'ALE, ENGLIS', 'BITTER/PALE', 4.60, 989),
(647, 'OLD SPECKLED HEN', 'ALE, ENGLIS', 'BITTER/PALE', 5.20, 1094),
(648, 'ORGANIC BEST BITTER', 'ALE, ENGLIS', 'BITTER/PALE', 5.00, 1238),
(649, 'OTTER BITTER', 'ALE, ENGLIS', 'BITTER/PALE', 3.60, 1122),
(650, 'PRIDE OF ROMSEY', 'ALE, ENGLIS', 'BITTER/PALE', 5.00, 956),
(651, 'RADGIE GADGIE', 'ALE, ENGLIS', 'BITTER/PALE', 4.80, 1092),
(652, 'RAM ROD', 'ALE, ENGLIS', 'BITTER/PALE', 4.80, 1349),
(653, 'ROOSTER HOOLIGANS', 'ALE, ENGLIS', 'BITTER/PALE', 4.30, 1176),
(654, 'ROYAL OAK', 'ALE, ENGLIS', 'BITTER/PALE', 4.80, 891),
(655, 'RUDDLES BEST', 'ALE, ENGLIS', 'BITTER/PALE', 5.00, 1181),
(656, 'RUTLAND BITTER', 'ALE, ENGLIS', 'BITTER/PALE', 5.00, 1181),
(657, 'SARAH HUGHES PALE AMBER', 'ALE, ENGLIS', 'BITTER/PALE', 4.00, 1195),
(658, 'SHARPS WILLI', 'ALE, ENGLIS', 'BITTER/PALE', 4.60, 1211),
(659, 'SHEPS BITTER', 'ALE, ENGLIS', 'BITTER/PALE', 5.00, 1212),
(660, 'SHEPS MASTER BITTER', 'ALE, ENGLIS', 'BITTER/PALE', 5.00, 1212),
(661, 'SMILES', 'ALE, ENGLIS', 'BITTER/PALE', 5.20, 1224),
(662, 'SMILES BRISTOL IPA', 'ALE, ENGLIS', 'BITTER/PALE', 4.50, 1224),
(663, 'SOVEREIGN BEST BITTER', 'ALE, ENGLIS', 'BITTER/PALE', 4.10, 1191),
(664, 'SPITFIRE', 'ALE, ENGLIS', 'BITTER/PALE', 4.50, 1212),
(665, 'ST.AUSTELL TRADITION', 'ALE, ENGLIS', 'BITTER/PALE', 4.10, 1233),
(666, 'STINGO MIDDLE', 'ALE, ENGLIS', 'BITTER/PALE', 5.00, 759),
(667, 'STONES BITTER', 'ALE, ENGLIS', 'BITTER/PALE', 5.00, 1252),
(668, 'STRAWBERRY & CREAM', 'ALE, ENGLIS', 'BITTER/PALE', 4.60, 1257),
(669, 'SUMMER LIGHTNING', 'ALE, ENGLIS', 'BITTER/PALE', 5.00, 990),
(670, 'SUSSEX BEST BITTER', 'ALE, ENGLIS', 'BITTER/PALE', 4.00, 964),
(671, 'SW2', 'ALE, ENGLIS', 'BITTER/PALE', 4.80, 1117),
(672, 'TADPOLE', 'ALE, ENGLIS', 'BITTER/PALE', 3.50, 908),
(673, 'TANGLEFOOT', 'ALE, ENGLIS', 'BITTER/PALE', 5.00, 715),
(674, 'TANKARD BITTER ALE', 'ALE, ENGLIS', 'BITTER/PALE', 5.00, 1332),
(675, 'TETLEYS BITTER', 'ALE, ENGLIS', 'BITTER/PALE', 5.00, 1260),
(676, 'THEAKSTON BEST BITTER', 'ALE, ENGLIS', 'BITTER/PALE', 3.80, 1264),
(677, 'TINNERS', 'ALE, ENGLIS', 'BITTER/PALE', 3.70, 1233),
(678, 'TRUMANS  BITTER', 'ALE, ENGLIS', 'BITTER/PALE', 5.00, 1288),
(679, 'WHITBREAD BREWMASTER', 'ALE, ENGLIS', 'BITTER/PALE', 5.00, 1332),
(680, 'WORTHINGTON BITTER', 'ALE, ENGLIS', 'BITTER/PALE', 5.00, 725),
(681, 'WORTHINGTON DRAUGHT', 'ALE, ENGLIS', 'BITTER/PALE', 5.00, 725),
(682, 'WORTHINGTON EXPORT ALE', 'ALE, ENGLIS', 'BITTER/PALE', 5.00, 725),
(683, 'XB', 'ALE, ENGLIS', 'BITTER/PALE', 5.00, 1264),
(684, 'YANKEES', 'ALE, ENGLIS', 'BITTER/PALE', 4.30, 1176),
(685, 'YORKSHIRE BITTER', 'ALE, ENGLIS', 'BITTER/PALE', 5.00, 1327),
(686, 'YOUNGS AAA', 'ALE, ENGLIS', 'BITTER/PALE', 4.00, 1349),
(687, 'YOUNGS BITTER', 'ALE, ENGLIS', 'BITTER/PALE', 3.70, 1349),
(688, 'YOUNGS SPECIAL', 'ALE, ENGLIS', 'BITTER/PALE', 4.80, 1349),
(689, 'CAPIT ALE', 'ALE, ENGLIS', 'BITTER/PALE', 5.00, 909),
(690, 'FINANCIER ALE', 'ALE, ENGLIS', 'BITTER/PALE', 4.30, 909),
(691, 'INSAINE', 'ALE, ENGLIS', 'BITTER/PALE', 4.20, 1262),
(692, 'IMPOSSIBLE', 'ALE, ENGLIS', 'BITTER/PALE', 2.60, 821),
(693, 'NINA', 'ALE, ENGLIS', 'BITTER/PALE', 5.00, 717),
(694, 'RICCIOLA', 'ALE, ENGLIS', 'BITTER/PALE', 5.00, 812),
(695, 'VALDERA', 'ALE, ENGLIS', 'BITTER/PALE', 5.20, 750),
(696, 'HILDEN ALE', 'ALE, ENGLIS', 'BITTER/PALE', 5.00, 982),
(697, 'GREENMANTLE', 'ALE, ENGLIS', 'BITTER/PALE', 3.90, 787),
(698, 'THE GHILLIE', 'ALE, ENGLIS', 'BITTER/PALE', 4.50, 787),
(699, 'WHITE WIFE', 'ALE, ENGLIS', 'BITTER/PALE', 3.70, 1309),
(700, 'CASK ALE', 'ALE, ENGLIS', 'BITTER/PALE', 5.00, 719),
(701, 'CHASING TAIL', 'ALE, ENGLIS', 'BITTER/PALE', 4.00, 1231),
(702, 'COPPER ALE', 'ALE, ENGLIS', 'BITTER/PALE', 5.00, 719),
(703, 'GEARYS PALE ALE', 'ALE, ENGLIS', 'BITTER/PALE', 5.00, 932),
(704, 'HONKERS ALE', 'ALE, ENGLIS', 'BITTER/PALE', 4.70, 936),
(705, 'MC GUIRES DDA', 'ALE, ENGLIS', 'BITTER/PALE', 4.60, 1079),
(706, 'MIRROR POND PALE ALE', 'ALE, ENGLIS', 'BITTER/PALE', 5.00, 859),
(707, 'NEPTUNE 66', 'ALE, ENGLIS', 'BITTER/PALE', 5.10, 1101),
(708, 'PELICAN PALE ALE', 'ALE, ENGLIS', 'BITTER/PALE', 5.00, 692),
(709, 'PENNANT ALE', 'ALE, ENGLIS', 'BITTER/PALE', 5.00, 786),
(710, 'PROVIDER PALE ALE', 'ALE, ENGLIS', 'BITTER/PALE', 5.00, 1137),
(711, 'SAMUEL ADAMS BOSTON ALE', 'ALE, ENGLIS', 'BITTER/PALE', 5.00, 765),
(712, 'SHELTER PALE ALE', 'ALE, ENGLIS', 'BITTER/PALE', 5.00, 865),
(713, 'UPTOWN PALE ALE', 'ALE, ENGLIS', 'BITTER/PALE', 5.00, 1303),
(714, 'BRAINS EXTRA SMOOTH', 'ALE, ENGLIS', 'BITTER/PALE', 3.70, 769),
(715, 'BRAINS SA', 'ALE, ENGLIS', 'BITTER/PALE', 4.20, 769),
(716, 'CASTA DORADA', 'ALE, ENGLIS', 'BLONDE', 5.40, 896),
(717, 'SURFERS SUMMER ALE', 'ALE, ENGLIS', 'BLONDE', 4.80, 1135),
(718, 'WATEFRONT BLOND', 'ALE, ENGLIS', 'BLONDE', 5.00, 1245),
(719, 'GRITSTONE PREMIUM ALE', 'ALE, ENGLIS', 'BROWN', 5.50, 1105),
(720, 'MANNS BROWN', 'ALE, ENGLIS', 'BROWN', 5.00, 891),
(721, 'NEWCASTLE BROWN ALE', 'ALE, ENGLIS', 'BROWN', 4.70, 1207),
(722, 'SMITHS NUT BROWN', 'ALE, ENGLIS', 'BROWN', 5.00, 1191),
(723, 'WARRINGTON BROWN', 'ALE, ENGLIS', 'BROWN', 5.00, 942),
(724, 'CASTA MORENA', 'ALE, ENGLIS', 'BROWN', 6.00, 896),
(725, 'BIG CYPRESS BROWN', 'ALE, ENGLIS', 'BROWN', 4.50, 1068),
(726, 'BIRDMAN BROWN', 'ALE, ENGLIS', 'BROWN', 5.00, 692),
(727, 'BROOKLYN BROWN', 'ALE, ENGLIS', 'BROWN', 5.20, 786),
(728, 'BROWN BEAR', 'ALE, ENGLIS', 'BROWN', 5.00, 1266),
(729, 'BROWN BEAR', 'ALE, ENGLIS', 'BROWN', 5.00, 1171),
(730, 'EVANS BROWN', 'ALE, ENGLIS', 'BROWN', 5.00, 898),
(731, 'HAZELNUT BROWN', 'ALE, ENGLIS', 'BROWN', 5.20, 1173),
(732, 'NUTBROWN', 'ALE, ENGLIS', 'BROWN', 5.20, 936),
(733, 'PETES WICKED ALE', 'ALE, ENGLIS', 'BROWN', 5.10, 1140),
(734, '1837 IPA', 'ALE, ENGLIS', 'INDIA/AMERICAN PALE', 7.00, 1143),
(735, 'EMPIRE PALE ALE', 'ALE, ENGLIS', 'INDIA/AMERICAN PALE', 7.50, 792),
(736, 'INDIA PALE ALE', 'ALE, ENGLIS', 'INDIA/AMERICAN PALE', 5.00, 1305),
(737, 'MARSTONS INDIA EXPORT', 'ALE, ENGLIS', 'INDIA/AMERICAN PALE', 5.50, 1074),
(738, 'TRAFALGAR IPA', 'ALE, ENGLIS', 'INDIA/AMERICAN PALE', 6.00, 921),
(739, 'PIONEER PALE ALE', 'ALE, ENGLIS', 'INDIA/AMERICAN PALE', 6.50, 1240),
(740, 'RE ALE', 'ALE, ENGLIS', 'INDIA/AMERICAN PALE', 6.00, 751),
(741, 'SCARAMPOLA IPA', 'ALE, ENGLIS', 'INDIA/AMERICAN PALE', 6.20, 1197),
(742, '90 MINUTES IPA', 'ALE, ENGLIS', 'INDIA/AMERICAN PALE', 9.00, 865),
(743, 'ALPHA KING', 'ALE, ENGLIS', 'INDIA/AMERICAN PALE', 5.80, 679),
(744, 'ARROGANT BASTARD ALE', 'ALE, ENGLIS', 'INDIA/AMERICAN PALE', 7.20, 1251),
(745, 'BLUE POINT PALE', 'ALE, ENGLIS', 'INDIA/AMERICAN PALE', 5.00, 967),
(746, 'BOMBAY BOMBER', 'ALE, ENGLIS', 'INDIA/AMERICAN PALE', 5.00, 1245),
(747, 'BROOKLIN E.I.P.A.', 'ALE, ENGLIS', 'INDIA/AMERICAN PALE', 7.00, 786),
(748, 'GOLDEN', 'ALE, ENGLIS', 'INDIA/AMERICAN PALE', 5.00, 830),
(749, 'GRANTS INDIA PALE ALE', 'ALE, ENGLIS', 'INDIA/AMERICAN PALE', 4.20, 1348),
(750, 'HOP JUICE', 'ALE, ENGLIS', 'INDIA/AMERICAN PALE', 8.00, 1052),
(751, 'HOP OTTIN IPA', 'ALE, ENGLIS', 'INDIA/AMERICAN PALE', 7.00, 700),
(752, 'HOPDEVIL IPA', 'ALE, ENGLIS', 'INDIA/AMERICAN PALE', 6.70, 1323),
(753, 'INDIAN PALE ALE', 'ALE, ENGLIS', 'INDIA/AMERICAN PALE', 5.00, 1131),
(754, 'IPA', 'ALE, ENGLIS', 'INDIA/AMERICAN PALE', 5.90, 936),
(755, 'KARL STRAUSS PALE ALE', 'ALE, ENGLIS', 'INDIA/AMERICAN PALE', 5.00, 1112),
(756, 'LIBERTY ALE', 'ALE, ENGLIS', 'INDIA/AMERICAN PALE', 6.20, 699),
(757, 'PENNANTS IPA', 'ALE, ENGLIS', 'INDIA/AMERICAN PALE', 5.00, 967),
(758, 'REDHOOK PALE ALE', 'ALE, ENGLIS', 'INDIA/AMERICAN PALE', 5.00, 1159),
(759, 'ROADHOUSE I.P.A.', 'ALE, ENGLIS', 'INDIA/AMERICAN PALE', 6.80, 705),
(760, 'RUINATION IPA', 'ALE, ENGLIS', 'INDIA/AMERICAN PALE', 7.70, 1251),
(761, 'SCHAFLY PALE ALE', 'ALE, ENGLIS', 'INDIA/AMERICAN PALE', 5.00, 1199),
(762, 'SHARKBITE', 'ALE, ENGLIS', 'INDIA/AMERICAN PALE', 5.00, 1226),
(763, 'SIERRA NEVADA PALE ALE', 'ALE, ENGLIS', 'INDIA/AMERICAN PALE', 5.60, 1215),
(764, 'SPUD BOYS IPA', 'ALE, ENGLIS', 'INDIA/AMERICAN PALE', 6.40, 1068),
(765, 'STONE IPA', 'ALE, ENGLIS', 'INDIA/AMERICAN PALE', 6.90, 1251),
(766, 'SUN DEVILS I.P.A.', 'ALE, ENGLIS', 'INDIA/AMERICAN PALE', 6.70, 722),
(767, 'TORREY PINES IPA', 'ALE, ENGLIS', 'INDIA/AMERICAN PALE', 6.90, 1052),
(768, 'XXX PALE ALE', 'ALE, ENGLIS', 'INDIA/AMERICAN PALE', 5.00, 1345),
(769, 'OHANLONS RED ALE', 'ALE, ENGLIS', 'IRISH RED', 4.30, 1107),
(770, 'GEORGE KILLIANS', 'ALE, ENGLIS', 'IRISH RED', 6.60, 1134),
(771, 'CAFFREYS', 'ALE, ENGLIS', 'IRISH RED', 5.00, 796),
(772, 'KILKENNY IRISH BEER', 'ALE, ENGLIS', 'IRISH RED', 5.50, 1225),
(773, 'KILKENNY STRONG', 'ALE, ENGLIS', 'IRISH RED', 5.00, 1225),
(774, 'MCFARLAND', 'ALE, ENGLIS', 'IRISH RED', 5.00, 1097),
(775, 'MOLINGS', 'ALE, ENGLIS', 'IRISH RED', 4.30, 805),
(776, 'PORTERHOUSE RED', 'ALE, ENGLIS', 'IRISH RED', 4.40, 1149),
(777, 'SMITHWICKS', 'ALE, ENGLIS', 'IRISH RED', 5.00, 1225),
(778, 'BIG HOUSE RED', 'ALE, ENGLIS', 'IRISH RED', 5.00, 692),
(779, 'IRISH AMBER', 'ALE, ENGLIS', 'IRISH RED', 5.00, 722),
(780, 'MERMAIDS RED', 'ALE, ENGLIS', 'IRISH RED', 5.00, 830),
(781, 'NEW YORK RED', 'ALE, ENGLIS', 'IRISH RED', 5.00, 1303),
(782, 'RED TROLLEY', 'ALE, ENGLIS', 'IRISH RED', 5.00, 1112),
(783, 'ROCK RED', 'ALE, ENGLIS', 'IRISH RED', 5.00, 1180),
(784, 'BATEMANS MILD', 'ALE, ENGLIS', 'MILD', 3.00, 727),
(785, 'HIGHGATE MILD', 'ALE, ENGLIS', 'MILD', 3.40, 980),
(786, 'PRIORY MILD', 'ALE, ENGLIS', 'MILD', 3.50, 1102),
(787, 'S. SMITHS DARK MILD', 'ALE, ENGLIS', 'MILD', 3.00, 1191),
(788, 'VALLEY BEER MILD', 'ALE, ENGLIS', 'MILD', 5.80, 1310),
(789, 'BRAINS DARK', 'ALE, ENGLIS', 'MILD', 3.50, 769),
(790, 'CHESTER BROWN', 'ALE, ENGLIS', 'OLD/WINTER', 5.00, 942),
(791, 'COLLEGE ALE', 'ALE, ENGLIS', 'OLD/WINTER', 7.40, 678),
(792, 'DARK STAR', 'ALE, ENGLIS', 'OLD/WINTER', 5.00, 1143),
(793, 'EVERARDS OLD ALE', 'ALE, ENGLIS', 'OLD/WINTER', 5.00, 899),
(794, 'EVERARDS OLD BILL', 'ALE, ENGLIS', 'OLD/WINTER', 5.00, 899),
(795, 'FINAL SELECTION', 'ALE, ENGLIS', 'OLD/WINTER', 5.00, 1332),
(796, 'HARVEST ALE', 'ALE, ENGLIS', 'OLD/WINTER', 11.70, 1048),
(797, 'HARVEYS XMAS', 'ALE, ENGLIS', 'OLD/WINTER', 8.30, 964),
(798, 'JACK FROST', 'ALE, ENGLIS', 'OLD/WINTER', 4.50, 924),
(799, 'NELSONS BLOOD', 'ALE, ENGLIS', 'OLD/WINTER', 6.00, 911),
(800, 'OLD BEDFORD', 'ALE, ENGLIS', 'OLD/WINTER', 5.00, 819),
(801, 'OLD CHESTER DARK', 'ALE, ENGLIS', 'OLD/WINTER', 5.00, 942),
(802, 'OLD GROWLER', 'ALE, ENGLIS', 'OLD/WINTER', 5.50, 1102),
(803, 'OLD PECULIER', 'ALE, ENGLIS', 'OLD/WINTER', 5.00, 1264),
(804, 'OLD TOM', 'ALE, ENGLIS', 'OLD/WINTER', 8.50, 1169),
(805, 'OWD ROGER', 'ALE, ENGLIS', 'OLD/WINTER', 5.00, 1074),
(806, 'PRIZE OLD ALE', 'ALE, ENGLIS', 'OLD/WINTER', 9.50, 927),
(807, 'RUDDLES COUNTY', 'ALE, ENGLIS', 'OLD/WINTER', 5.00, 1181),
(808, 'STRONG SUFFOLK', 'ALE, ENGLIS', 'OLD/WINTER', 6.00, 943),
(809, 'THOMAS HARDYS ALE', 'ALE, ENGLIS', 'OLD/WINTER', 12.00, 891),
(810, 'TRAFALGAR', 'ALE, ENGLIS', 'OLD/WINTER', 9.00, 927),
(811, 'YOUNGS BURTON ALE', 'ALE, ENGLIS', 'OLD/WINTER', 6.00, 1349),
(812, 'YOUNGS WINTER WARMER', 'ALE, ENGLIS', 'OLD/WINTER', 5.00, 1349),
(813, 'BLACK HORSE', 'ALE, ENGLIS', 'OLD/WINTER', 6.50, 1317),
(814, 'FORMIDABLE', 'ALE, ENGLIS', 'OLD/WINTER', 8.00, 821),
(815, 'STARBESS STRONG ALE', 'ALE, ENGLIS', 'OLD/WINTER', 10.50, 1240),
(816, 'LA MANDRAGORE', 'ALE, ENGLIS', 'OLD/WINTER', 8.00, 767),
(817, 'BRECKENRIDGE XMAS', 'ALE, ENGLIS', 'OLD/WINTER', 7.40, 781),
(818, 'SNOW CAP', 'ALE, ENGLIS', 'OLD/WINTER', 7.00, 1155),
(819, 'WINTER WARMER', 'ALE, ENGLIS', 'OLD/WINTER', 8.00, 1068),
(820, 'ALLOA EXPORT 80/-', 'ALE, ENGLIS', 'SCOTTISH PALE', 5.00, 694),
(821, 'ALLOA SPECIAL 70/-', 'ALE, ENGLIS', 'SCOTTISH PALE', 5.00, 694),
(822, 'ARROLS 80/-', 'ALE, ENGLIS', 'SCOTTISH PALE', 5.20, 694),
(823, 'AULD REEKIE 80/-', 'ALE, ENGLIS', 'SCOTTISH PALE', 5.00, 1263),
(824, 'BELHAVEN 80/-', 'ALE, ENGLIS', 'SCOTTISH PALE', 5.00, 736),
(825, 'BELHAVEN EXPORT ALE', 'ALE, ENGLIS', 'SCOTTISH PALE', 4.50, 736),
(826, 'BELHAVEN PALE ALE', 'ALE, ENGLIS', 'SCOTTISH PALE', 5.00, 736),
(827, 'BROUGHTON SPECIAL', 'ALE, ENGLIS', 'SCOTTISH PALE', 5.00, 787),
(828, 'CALEDONIAN 80', 'ALE, ENGLIS', 'SCOTTISH PALE', 4.80, 799),
(829, 'DRYBOROUGH SPECIAL', 'ALE, ENGLIS', 'SCOTTISH PALE', 5.00, 873),
(830, 'LIA FAIL', 'ALE, ENGLIS', 'SCOTTISH PALE', 4.70, 999),
(831, 'MC EWANS 80/-', 'ALE, ENGLIS', 'SCOTTISH PALE', 5.00, 1208),
(832, 'MC EWANS EXPORT', 'ALE, ENGLIS', 'SCOTTISH PALE', 4.20, 1208),
(833, 'RED MAC GREGOR', 'ALE, ENGLIS', 'SCOTTISH PALE', 5.00, 1119),
(834, 'ST. ANDREWS', 'ALE, ENGLIS', 'SCOTTISH PALE', 4.60, 736),
(835, 'TENNENTS 70/-', 'ALE, ENGLIS', 'SCOTTISH PALE', 5.00, 1259),
(836, 'TENNENTS EXPORT 80/-', 'ALE, ENGLIS', 'SCOTTISH PALE', 5.00, 1259),
(837, 'WALLACE', 'ALE, ENGLIS', 'SCOTTISH PALE', 4.50, 1065),
(838, 'YOUNGERS N.3', 'ALE, ENGLIS', 'SCOTTISH PALE', 5.00, 1208),
(839, 'YOUNGERS TARTAN', 'ALE, ENGLIS', 'SCOTTISH PALE', 5.00, 1208),
(840, 'GRANTS SCOTTISH ALE', 'ALE, ENGLIS', 'SCOTTISH PALE', 4.70, 1348),
(841, 'MAC TARNAHA', 'ALE, ENGLIS', 'SCOTTISH PALE', 5.10, 1150),
(842, '1066', 'ALE, ENGLIS', 'STRONG BITTER/PALE', 6.00, 956),
(843, '1698', 'ALE, ENGLIS', 'STRONG BITTER/PALE', 6.50, 1212),
(844, '1824 PARTICULAR', 'ALE, ENGLIS', 'STRONG BITTER/PALE', 6.00, 1305),
(845, '1830 AMBER', 'ALE, ENGLIS', 'STRONG BITTER/PALE', 6.50, 1143),
(846, 'BATEMANS SUPER BITTER', 'ALE, ENGLIS', 'STRONG BITTER/PALE', 5.00, 727),
(847, 'BISHOPS FINGER', 'ALE, ENGLIS', 'STRONG BITTER/PALE', 5.40, 1212),
(848, 'BOMBARDIER EXPORT', 'ALE, ENGLIS', 'STRONG BITTER/PALE', 5.50, 819),
(849, 'BULLDOG PALE ALE', 'ALE, ENGLIS', 'STRONG BITTER/PALE', 6.30, 832),
(850, 'COURAGE ENGLISH BEER', 'ALE, ENGLIS', 'STRONG BITTER/PALE', 5.70, 832),
(851, 'DOGS BOLLOCKS', 'ALE, ENGLIS', 'STRONG BITTER/PALE', 6.50, 1343),
(852, 'EAST STREET CREAM', 'ALE, ENGLIS', 'STRONG BITTER/PALE', 5.00, 1158),
(853, 'EXTRA SPECIAL BITTER', 'ALE, ENGLIS', 'STRONG BITTER/PALE', 5.50, 924),
(854, 'FIDDLERS ELBOW', 'ALE, ENGLIS', 'STRONG BITTER/PALE', 5.20, 1343);
INSERT INTO `bier` (`biercode`, `naam`, `soort`, `stijl`, `alcohol`, `brouwcode`) VALUES
(855, 'FIREBOX', 'ALE, ENGLIS', 'STRONG BITTER/PALE', 6.00, 1158),
(856, 'FREDERICS PREMIUM BEER', 'ALE, ENGLIS', 'STRONG BITTER/PALE', 5.00, 1169),
(857, 'FULLERS 1845', 'ALE, ENGLIS', 'STRONG BITTER/PALE', 6.30, 924),
(858, 'HENS TOOTH', 'ALE, ENGLIS', 'STRONG BITTER/PALE', 6.20, 943),
(859, 'JOHN COURAGE EXPORT', 'ALE, ENGLIS', 'STRONG BITTER/PALE', 5.00, 832),
(860, 'JOHN COURAGE STRONG', 'ALE, ENGLIS', 'STRONG BITTER/PALE', 5.00, 832),
(861, 'MARSTONS BURTON STRONG', 'ALE, ENGLIS', 'STRONG BITTER/PALE', 6.20, 1074),
(862, 'MARTINS PALE ALE', 'ALE, ENGLIS', 'STRONG BITTER/PALE', 6.50, 1004),
(863, 'MASTERPIECE IPA', 'ALE, ENGLIS', 'STRONG BITTER/PALE', 6.30, 726),
(864, 'SHARPS SPECIAL', 'ALE, ENGLIS', 'STRONG BITTER/PALE', 5.20, 1211),
(865, 'SPECIAL LONDON ALE', 'ALE, ENGLIS', 'STRONG BITTER/PALE', 6.40, 1349),
(866, 'ST. GEORGE', 'ALE, ENGLIS', 'STRONG BITTER/PALE', 5.20, 1349),
(867, 'ST. PETERS STRONG ALE', 'ALE, ENGLIS', 'STRONG BITTER/PALE', 5.10, 1238),
(868, 'STINGO SPECIAL', 'ALE, ENGLIS', 'STRONG BITTER/PALE', 6.60, 759),
(869, 'WHITBREAD PALE', 'ALE, ENGLIS', 'STRONG BITTER/PALE', 5.60, 1332),
(870, 'WORTHINGTON WH. SHIELD', 'ALE, ENGLIS', 'STRONG BITTER/PALE', 5.60, 725),
(871, 'YOUNGS STRONG EXPORT', 'ALE, ENGLIS', 'STRONG BITTER/PALE', 5.00, 1349),
(872, 'ARTIGIAN ALE', 'ALE, ENGLIS', 'STRONG BITTER/PALE', 6.20, 745),
(873, 'OLD ELIOT', 'ALE, ENGLIS', 'STRONG BITTER/PALE', 5.00, 1317),
(874, 'CASTA BRUNA', 'ALE, ENGLIS', 'STRONG BITTER/PALE', 5.50, 896),
(875, 'ALESMITHS ESB', 'ALE, ENGLIS', 'STRONG BITTER/PALE', 5.50, 693),
(876, 'AMERICAN ESB', 'ALE, ENGLIS', 'STRONG BITTER/PALE', 5.00, 1180),
(877, 'EMPIRE STATE BITTER', 'ALE, ENGLIS', 'STRONG BITTER/PALE', 5.00, 824),
(878, 'KILTLIFTER', 'ALE, ENGLIS', 'STRONG BITTER/PALE', 6.00, 918),
(879, 'MEYER E.S.B.', 'ALE, ENGLIS', 'STRONG BITTER/PALE', 5.00, 1266),
(880, 'PACIFIC RIDGE', 'ALE, ENGLIS', 'STRONG BITTER/PALE', 5.60, 701),
(881, 'REDHOOK ESB', 'ALE, ENGLIS', 'STRONG BITTER/PALE', 5.60, 1159),
(882, 'STEELHEAD AMBER', 'ALE, ENGLIS', 'STRONG BITTER/PALE', 5.00, 1245),
(883, 'NAPOLEON', 'ALE, ENGLIS', 'STRONG SCOTCH', 8.00, 851),
(884, 'SCOTCH DE SILLY', 'ALE, ENGLIS', 'STRONG SCOTCH', 8.00, 1217),
(885, 'WELLINGTON SCOTCH ALE', 'ALE, ENGLIS', 'STRONG SCOTCH', 5.00, 1298),
(886, 'CAMPBELL SCOTCH ALE', 'ALE, ENGLIS', 'STRONG SCOTCH', 7.60, 1332),
(887, 'CAMPBELL XMAS', 'ALE, ENGLIS', 'STRONG SCOTCH', 8.30, 1332),
(888, 'JOHN SMITHS SCOTCH', 'ALE, ENGLIS', 'STRONG SCOTCH', 5.00, 1006),
(889, 'BELHAVEN STRONG ALE', 'ALE, ENGLIS', 'STRONG SCOTCH', 5.00, 736),
(890, 'BELHAVEN WEE HEAVY', 'ALE, ENGLIS', 'STRONG SCOTCH', 7.20, 736),
(891, 'DEVILS KISS', 'ALE, ENGLIS', 'STRONG SCOTCH', 7.00, 1263),
(892, 'DOUGLAS SCOTCH', 'ALE, ENGLIS', 'STRONG SCOTCH', 8.60, 1005),
(893, 'DOUGLAS XMAS', 'ALE, ENGLIS', 'STRONG SCOTCH', 8.60, 1005),
(894, 'EDINBURGH STRONG ALE', 'ALE, ENGLIS', 'STRONG SCOTCH', 6.40, 799),
(895, 'FOWLERS WEE HEAVY', 'ALE, ENGLIS', 'STRONG SCOTCH', 5.00, 1259),
(896, 'GORDONS FINEST RED', 'ALE, ENGLIS', 'STRONG SCOTCH', 8.40, 1005),
(897, 'JACOBITE ALE', 'ALE, ENGLIS', 'STRONG SCOTCH', 8.00, 1282),
(898, 'KINROSS SCOTCH ALE', 'ALE, ENGLIS', 'STRONG SCOTCH', 5.00, 882),
(899, 'MC EWANS SCOTCH ALE', 'ALE, ENGLIS', 'STRONG SCOTCH', 8.00, 1208),
(900, 'MC EWANS STRONG ALE', 'ALE, ENGLIS', 'STRONG SCOTCH', 6.00, 1208),
(901, 'OLD JOCK', 'ALE, ENGLIS', 'STRONG SCOTCH', 6.70, 787),
(902, 'S. ANDREWS CELEBRATION', 'ALE, ENGLIS', 'STRONG SCOTCH', 5.00, 737),
(903, 'TENNENTS SCOTCH', 'ALE, ENGLIS', 'STRONG SCOTCH', 9.00, 1259),
(904, 'TRAQUAIR 100TH BREW 1978', 'ALE, ENGLIS', 'STRONG SCOTCH', 5.00, 1282),
(905, 'TRAQUAIR ANNIVERSARY', 'ALE, ENGLIS', 'STRONG SCOTCH', 5.00, 738),
(906, 'TRAQUAIR HOUSE ALE', 'ALE, ENGLIS', 'STRONG SCOTCH', 7.00, 738),
(907, 'YOUNGERS SCOTCH', 'ALE, ENGLIS', 'STRONG SCOTCH', 5.00, 1208),
(908, 'NEW SCOTS ALE', 'ALE, ENGLIS', 'STRONG SCOTCH', 5.00, 830),
(909, 'SCHAFLY SCOTCH ALE', 'ALE, ENGLIS', 'STRONG SCOTCH', 5.00, 1199),
(910, '1994 CHRISTMAS', 'ALE, ENGLIS', NULL, 8.00, 1018),
(911, 'CALVERS CREAM ALE', 'ALE, ENGLIS', NULL, 5.00, 800),
(912, 'CELEBRATION ROYALE', 'ALE, ENGLIS', NULL, 5.00, 1018),
(913, 'CHESTER GOLD', 'ALE, ENGLIS', NULL, 5.00, 942),
(914, 'FARGO', 'ALE, ENGLIS', NULL, 5.00, 819),
(915, 'HSB 25 ANNIVERSARY', 'ALE, ENGLIS', NULL, 5.00, 927),
(916, 'KINGS ALE', 'ALE, ENGLIS', NULL, 5.00, 725),
(917, 'POPES 1880', 'ALE, ENGLIS', NULL, 5.00, 891),
(918, 'WATNEYS TRADITIONAL', 'ALE, ENGLIS', NULL, 5.00, 1326),
(919, 'YOUNG ROWLEY 29/7/81', 'ALE, ENGLIS', NULL, 5.00, 1128),
(920, 'DON STUART', 'ALE, ENGLIS', NULL, 5.00, 1209),
(921, 'VILFORT', 'ALE, ENGLIS', NULL, 5.00, 1209),
(922, 'TWYFORD AMBER ALE', 'ALE, ENGLIS', NULL, 5.00, 946),
(923, 'CALIFFA', 'ALE, ENGLIS', NULL, 5.70, 812),
(924, 'CORNIOLA', 'ALE, ENGLIS', NULL, 5.00, 1109),
(925, 'FIOR DI LUPPOLO', 'ALE, ENGLIS', NULL, 3.80, 723),
(926, 'LAMBRATE', 'ALE, ENGLIS', NULL, 7.00, 1043),
(927, 'RED MOON', 'ALE, ENGLIS', NULL, 6.20, 1317),
(928, 'SPOON RIVER', 'ALE, ENGLIS', NULL, 6.00, 938),
(929, 'STARBESS RED ALE', 'ALE, ENGLIS', NULL, 5.50, 1240),
(930, 'THERESIANER STRONG ALE', 'ALE, ENGLIS', NULL, 6.50, 1265),
(931, 'VILLA POLA', 'ALE, ENGLIS', NULL, 3.80, 723),
(932, 'WOW!', 'ALE, ENGLIS', NULL, 6.00, 1228),
(933, 'FARSONS STRONG ALE', 'ALE, ENGLIS', NULL, 6.20, 905),
(934, 'BLACK DOUGLAS', 'ALE, ENGLIS', NULL, 5.20, 787),
(935, 'MONKSCROFT HOUSE ALE', 'ALE, ENGLIS', NULL, 5.00, 737),
(936, 'BOONT AMBER', 'ALE, ENGLIS', NULL, 5.80, 700),
(937, 'CELEBRATION ALE 2000', 'ALE, ENGLIS', NULL, 6.80, 1215),
(938, 'OUR SPECIAL ALE 2000', 'ALE, ENGLIS', NULL, 5.00, 699),
(939, 'OUR SPECIAL ALE 2001', 'ALE, ENGLIS', NULL, 5.00, 699),
(940, 'PETES WICKED SUMMER', 'ALE, ENGLIS', NULL, 5.00, 1140),
(941, 'SAMUEL ADAMS TRIPLE BOCK', 'ALE, ENGLIS', NULL, 7.50, 766),
(942, 'AERST 1900', 'ALE, BELGIA', 'BELGIAN PALE', 8.00, 1129),
(943, 'CUVEE DE KONINK', 'ALE, BELGIA', 'BELGIAN PALE', 8.00, 846),
(944, 'DE KONINK', 'ALE, BELGIA', 'BELGIAN PALE', 5.00, 846),
(945, 'KETJE', 'ALE, BELGIA', 'BELGIAN PALE', 5.00, 992),
(946, 'PALM SPECIALE', 'ALE, BELGIA', 'BELGIAN PALE', 5.00, 1129),
(947, 'SLOEBER', 'ALE, BELGIA', 'BELGIAN PALE', 7.50, 1175),
(948, 'VIEUX TEMPS', 'ALE, BELGIA', 'BELGIAN PALE', 5.00, 707),
(949, 'CELIS PALE BOCK', 'ALE, BELGIA', 'BELGIAN PALE', 7.50, 852),
(950, 'FAT TIRE', 'ALE, BELGIA', 'BELGIAN PALE', 5.00, 1103),
(951, 'ABBAYE DAULNE TRIPLE BRUNE', 'ALE, BELGIA', 'BELGIAN STRONG', 9.00, 1307),
(952, 'ABBAYE DE ROCS NOEL', 'ALE, BELGIA', 'BELGIAN STRONG', 9.00, 682),
(953, 'ABBAYE DES ROCS', 'ALE, BELGIA', 'BELGIAN STRONG', 9.00, 682),
(954, 'AFFLIGEM XMAS', 'ALE, BELGIA', 'BELGIAN STRONG', 8.00, 853),
(955, 'BONNE ESPERANCE', 'ALE, BELGIA', 'BELGIAN STRONG', 8.00, 1050),
(956, 'CHIMAY TAPPO BIANCO', 'ALE, BELGIA', 'BELGIAN STRONG', 8.00, 1275),
(957, 'CHIMAY TAPPO BLU', 'ALE, BELGIA', 'BELGIAN STRONG', 9.00, 1275),
(958, 'CHIMAY TAPPO ROSSO', 'ALE, BELGIA', 'BELGIAN STRONG', 7.00, 1275),
(959, 'CUVEE DE NOEL', 'ALE, BELGIA', 'BELGIAN STRONG', 8.50, 874),
(960, 'EX LIBRIS', 'ALE, BELGIA', 'BELGIAN STRONG', 7.00, 1029),
(961, 'FLOREFFE', 'ALE, BELGIA', 'BELGIAN STRONG', 9.00, 1051),
(962, 'GRIMBERGEN', 'ALE, BELGIA', 'BELGIAN STRONG', 5.00, 1298),
(963, 'HET KAPITTEL PRIOR', 'ALE, BELGIA', 'BELGIAN STRONG', 9.00, 1313),
(964, 'JOYEUX NOEL', 'ALE, BELGIA', 'BELGIAN STRONG', 8.00, 904),
(965, 'LA BINCHOISE BRUNE', 'ALE, BELGIA', 'BELGIAN STRONG', 8.20, 1033),
(966, 'LA BINCHOISE NOEL', 'ALE, BELGIA', 'BELGIAN STRONG', 9.00, 1033),
(967, 'LA DIVINE', 'ALE, BELGIA', 'BELGIAN STRONG', 9.00, 1217),
(968, 'LA GATTE DOR', 'ALE, BELGIA', 'BELGIAN STRONG', 7.50, 772),
(969, 'MAREDSOUS 8', 'ALE, BELGIA', 'BELGIAN STRONG', 8.00, 1091),
(970, 'MOEDER OVERSTE', 'ALE, BELGIA', 'BELGIAN STRONG', 8.00, 1049),
(971, 'MOINETTE BLONDE', 'ALE, BELGIA', 'BELGIAN STRONG', 8.50, 878),
(972, 'MOINETTE BRUNE', 'ALE, BELGIA', 'BELGIAN STRONG', 8.50, 878),
(973, 'PATER NOSTER', 'ALE, BELGIA', 'BELGIAN STRONG', 6.30, 749),
(974, 'RADIEUSE', 'ALE, BELGIA', 'BELGIAN STRONG', 8.50, 1064),
(975, 'ROCHEFORT 6', 'ALE, BELGIA', 'BELGIAN STRONG', 7.50, 1279),
(976, 'ROCHEFORT 8', 'ALE, BELGIA', 'BELGIAN STRONG', 9.20, 1279),
(977, 'S. SIXTUS (BERN.) PATER', 'ALE, BELGIA', 'BELGIAN STRONG', 6.20, 1183),
(978, 'SILENRIEUX NOEL', 'ALE, BELGIA', 'BELGIAN STRONG', 7.50, 1216),
(979, 'ST. FEUILLEN CUVEE DE NOEL', 'ALE, BELGIA', 'BELGIAN STRONG', 9.00, 922),
(980, 'ST. MONON AMBREE', 'ALE, BELGIA', 'BELGIAN STRONG', 6.50, 1237),
(981, 'ST. MONON BRUNE', 'ALE, BELGIA', 'BELGIAN STRONG', 7.50, 1237),
(982, 'VAL-DIEU BRUNE', 'ALE, BELGIA', 'BELGIAN STRONG', 8.00, 1308),
(983, 'VIEILLE CUVEE', 'ALE, BELGIA', 'BELGIAN STRONG', 8.00, 1064),
(984, 'VLETEREN ALT', 'ALE, BELGIA', 'BELGIAN STRONG', 8.00, 1099),
(985, 'WESTVLETEREN 8', 'ALE, BELGIA', 'BELGIAN STRONG', 8.00, 1281),
(986, 'ZATTE BIE', 'ALE, BELGIA', 'BELGIAN STRONG', 9.00, 837),
(987, 'MAUDITE', 'ALE, BELGIA', 'BELGIAN STRONG', 8.00, 1295),
(988, 'TROIS PISTOLES', 'ALE, BELGIA', 'BELGIAN STRONG', 9.00, 1295),
(989, 'TICKLE BRAIN', 'ALE, BELGIA', 'BELGIAN STRONG', 8.00, 792),
(990, 'NOEL CHOCOLATE', 'ALE, BELGIA', 'BELGIAN STRONG', 9.00, 717),
(991, 'NOEL DU BALADIN', 'ALE, BELGIA', 'BELGIAN STRONG', 9.00, 717),
(992, 'RAISON DETRE', 'ALE, BELGIA', 'BELGIAN STRONG', 8.00, 865),
(993, 'ACHEL BLONDE', 'ALE, BELGIA', 'BLONDE', 8.00, 1274),
(994, 'AFFLIGEM BLONDE', 'ALE, BELGIA', 'BLONDE', 6.80, 689),
(995, 'BLONDE DES PERES', 'ALE, BELGIA', 'BLONDE', 6.00, 854),
(996, 'CINEY BLONDE', 'ALE, BELGIA', 'BLONDE', 7.00, 1298),
(997, 'GRIBOUSINE MALONNE BLONDE', 'ALE, BELGIA', 'BLONDE', 9.00, 1033),
(998, 'LA TRAPPE BLONDE', 'ALE, BELGIA', 'BLONDE', 6.50, 1039),
(999, 'MONTAGNARDE BLONDE', 'ALE, BELGIA', 'BLONDE', 7.50, 682),
(1000, 'RADER BLONDE', 'ALE, BELGIA', 'BLONDE', 6.50, 1156),
(1001, 'ROCHEFORTOISE BLONDE', 'ALE, BELGIA', 'BLONDE', 6.20, 1170),
(1002, 'RULLES BLONDE', 'ALE, BELGIA', 'BLONDE', 7.00, 1182),
(1003, 'SERAFIJN CELTIC ANGEL', 'ALE, BELGIA', 'BLONDE', 6.20, 684),
(1004, 'ST. ERLIN', 'ALE, BELGIA', 'BLONDE', 6.30, 711),
(1005, 'WALLONIE ARTISANS BRASSEURS', 'ALE, BELGIA', 'BLONDE', 6.50, 874),
(1006, 'WESTVLETEREN BLOND', 'ALE, BELGIA', 'BLONDE', 5.80, 1281),
(1007, 'ALPHAND BLONDE', 'ALE, BELGIA', 'BLONDE', 5.00, 695),
(1008, 'COREFF BLONDE', 'ALE, BELGIA', 'BLONDE', 5.00, 828),
(1009, 'MONT BLANC BLONDE', 'ALE, BELGIA', 'BLONDE', 5.00, 1088),
(1010, 'GORGONA', 'ALE, BELGIA', 'BLONDE', 7.10, 750),
(1011, 'PANIL BLONDE', 'ALE, BELGIA', 'BLONDE', 5.00, 1273),
(1012, 'BOURGOGNE DES FLANDRES', 'ALE, BELGIA', 'BRUIN', 5.00, 1268),
(1013, 'GROTTENBIER', 'ALE, BELGIA', 'BRUIN', 6.50, 851),
(1014, 'LIEFMANS GOUDENBAND', 'ALE, BELGIA', 'BRUIN', 6.00, 1055),
(1015, 'MECHELSCHEN BRUYNEN', 'ALE, BELGIA', 'BRUIN', 5.50, 978),
(1016, 'OUDENAAARDE CNUDDE', 'ALE, BELGIA', 'BRUIN', 6.00, 822),
(1017, 'PETRUS OUD BRUIN', 'ALE, BELGIA', 'BRUIN', 5.50, 731),
(1018, 'QUEUE DE CHARRUE', 'ALE, BELGIA', 'BRUIN', 5.40, 1321),
(1019, 'ROMAN OUDENAARDS', 'ALE, BELGIA', 'BRUIN', 5.00, 1175),
(1020, 'SNOECK BRUIN', 'ALE, BELGIA', 'BRUIN', 5.50, 856),
(1021, 'STRAFFE HENDRIJK BRUIN', 'ALE, BELGIA', 'BRUIN', 8.50, 1253),
(1022, 'ZOTTEGEMSE GRAND CRU', 'ALE, BELGIA', 'BRUIN', 8.40, 834),
(1023, 'MESTREECHT AAJT', 'ALE, BELGIA', 'BRUIN', 3.50, 948),
(1024, 'ABB DE FLANDRES DOUBLE', 'ALE, BELGIA', 'DUBBEL', 5.00, 1168),
(1025, 'ACHEL DONKER', 'ALE, BELGIA', 'DUBBEL', 8.00, 1274),
(1026, 'AFFLIGEM DUBBEL', 'ALE, BELGIA', 'DUBBEL', 6.50, 689),
(1027, 'CHARLES QUINT', 'ALE, BELGIA', 'DUBBEL', 7.00, 951),
(1028, 'ENAMEL DUBBEL', 'ALE, BELGIA', 'DUBBEL', 6.50, 1175),
(1029, 'FLOREFFE DOUBLE', 'ALE, BELGIA', 'DUBBEL', 7.00, 1049),
(1030, 'GERARDUS KLOOSTERBIER DUBBEL', 'ALE, BELGIA', 'DUBBEL', 7.00, 949),
(1031, 'S. BENEDICT', 'ALE, BELGIA', 'DUBBEL', 6.50, 845),
(1032, 'S. BENOIT BRUNE', 'ALE, BELGIA', 'DUBBEL', 6.30, 874),
(1033, 'S. DENISE DARK', 'ALE, BELGIA', 'DUBBEL', 6.90, 1248),
(1034, 'S. LAURENT DOUBLE', 'ALE, BELGIA', 'DUBBEL', 6.90, 1248),
(1035, 'S. SEBASTIAN DARK', 'ALE, BELGIA', 'DUBBEL', 6.90, 1248),
(1036, 'STEENBRUGGE DUBBEL', 'ALE, BELGIA', 'DUBBEL', 6.50, 841),
(1037, 'WESTMALLE DOUBLE', 'ALE, BELGIA', 'DUBBEL', 6.50, 1280),
(1038, 'PANIL BRUNE', 'ALE, BELGIA', 'DUBBEL', 7.50, 1273),
(1039, 'HERTOG JAN DOUBLE', 'ALE, BELGIA', 'DUBBEL', 7.00, 703),
(1040, 'LA TRAPPE DUBBEL', 'ALE, BELGIA', 'DUBBEL', 6.50, 1277),
(1041, 'BELGIAN ABBEY DUBBEL', 'ALE, BELGIA', 'DUBBEL', 7.30, 914),
(1042, 'BACCHUS', 'ALE, BELGIA', 'FLEMISH SOUR', 4.60, 1314),
(1043, 'CAVES', 'ALE, BELGIA', 'FLEMISH SOUR', 5.50, 1321),
(1044, 'RODENBACH', 'ALE, BELGIA', 'FLEMISH SOUR', 5.00, 1172),
(1045, 'RODENBACH ALEXANDER', 'ALE, BELGIA', 'FLEMISH SOUR', 5.10, 1172),
(1046, 'RODENBACH GRAND CRU', 'ALE, BELGIA', 'FLEMISH SOUR', 5.20, 1172),
(1047, 'BARRIQUEE', 'ALE, BELGIA', 'FLEMISH SOUR', 8.00, 1273),
(1048, 'BARRIQUEE MILD', 'ALE, BELGIA', 'FLEMISH SOUR', 8.00, 1273),
(1049, 'LA FOLIE', 'ALE, BELGIA', 'FLEMISH SOUR', 6.00, 1103),
(1050, '3 MONTS', 'ALE, BELGIA', 'GARDE', 8.50, 1187),
(1051, 'ABBATIALE', 'ALE, BELGIA', 'GARDE', 7.00, 1232),
(1052, 'ANGELUS', 'ALE, BELGIA', 'GARDE', 7.00, 702),
(1053, 'BIERE DES SANS CULOTTES', 'ALE, BELGIA', 'GARDE', 6.50, 1035),
(1054, 'BIRRA DEL MINATORE', 'ALE, BELGIA', 'GARDE', 5.50, 741),
(1055, 'CAVE DES PERES', 'ALE, BELGIA', 'GARDE', 5.00, 702),
(1056, 'CERVOISE LANCELOT', 'ALE, BELGIA', 'GARDE', 6.00, 1044),
(1057, 'CHTE', 'ALE, BELGIA', 'GARDE', 6.00, 741),
(1058, 'CUVEE DE NOEL', 'ALE, BELGIA', 'GARDE', 7.50, 741),
(1059, 'GAVROCHE', 'ALE, BELGIA', 'GARDE', 8.50, 1187),
(1060, 'GRAIN DORGE', 'ALE, BELGIA', 'GARDE', 7.00, 1002),
(1061, 'JADE BIERE PRECIEUSE', 'ALE, BELGIA', 'GARDE', 4.60, 741),
(1062, 'JENLAIN', 'ALE, BELGIA', 'GARDE', 6.50, 879),
(1063, 'JENLAIN BLONDE', 'ALE, BELGIA', 'GARDE', 6.50, 879),
(1064, 'LA CHOULETTE AMBREE', 'ALE, BELGIA', 'GARDE', 7.50, 1035),
(1065, 'LA CHOULETTE BLONDE', 'ALE, BELGIA', 'GARDE', 7.00, 1035),
(1066, 'LA GOUDALE', 'ALE, BELGIA', 'GARDE', 7.20, 892),
(1067, 'LUTECE', 'ALE, BELGIA', 'GARDE', 6.40, 892),
(1068, 'RESERVE DU CORBEAU', 'ALE, BELGIA', 'GARDE', 6.40, 775),
(1069, 'RIJSELS', 'ALE, BELGIA', 'GARDE', 5.00, 1196),
(1070, 'S. LANDELIN', 'ALE, BELGIA', 'GARDE', 6.80, 892),
(1071, 'S. LEONARD', 'ALE, BELGIA', 'GARDE', 6.00, 1184),
(1072, 'SEBOURG', 'ALE, BELGIA', 'GARDE', 6.00, 879),
(1073, 'SEPTANTE 5', 'ALE, BELGIA', 'GARDE', 7.50, 940),
(1074, 'AMBREE DU BALADIN', 'ALE, BELGIA', 'GARDE', 6.20, 717),
(1075, 'BIERE DU BOUCANIER', 'ALE, BELGIA', 'GOLDEN', 11.00, 748),
(1076, 'BOSKEUN', 'ALE, BELGIA', 'GOLDEN', 8.90, 840),
(1077, 'BUSH BLONDE', 'ALE, BELGIA', 'GOLDEN', 10.50, 877),
(1078, 'DELIRIUM TREMENS', 'ALE, BELGIA', 'GOLDEN', 9.00, 994),
(1079, 'DUVEL', 'ALE, BELGIA', 'GOLDEN', 8.60, 1090),
(1080, 'HAPKIN', 'ALE, BELGIA', 'GOLDEN', 8.50, 1061),
(1081, 'JUDAS', 'ALE, BELGIA', 'GOLDEN', 8.50, 1298),
(1082, 'JULIUS', 'ALE, BELGIA', 'GOLDEN', 8.70, 845),
(1083, 'LA GUILLOTINE', 'ALE, BELGIA', 'GOLDEN', 9.10, 994),
(1084, 'LUCIFER', 'ALE, BELGIA', 'GOLDEN', 9.00, 1168),
(1085, 'PIRAAT', 'ALE, BELGIA', 'GOLDEN', 10.60, 748),
(1086, 'SATAN GOLD', 'ALE, BELGIA', 'GOLDEN', 8.00, 838),
(1087, 'EAU BENITE', 'ALE, BELGIA', 'GOLDEN', 7.70, 1296),
(1088, '2004 SYMPOSIUM ALE', 'ALE, BELGIA', 'GOLDEN', 7.50, 1251),
(1089, 'HENNEPIN', 'ALE, BELGIA', 'GOLDEN', 7.50, 1116),
(1090, 'ADA 10', 'ALE, BELGIA', 'QUADRUPEL', 10.00, 854),
(1091, 'GRIMBERGEN OPTIMO BRUNO', 'ALE, BELGIA', 'QUADRUPEL', 10.00, 1298),
(1092, 'GULDEN DRAAK', 'ALE, BELGIA', 'QUADRUPEL', 11.00, 748),
(1093, 'HET KAPITTEL ABT', 'ALE, BELGIA', 'QUADRUPEL', 10.00, 1313),
(1094, 'KASTEEL', 'ALE, BELGIA', 'QUADRUPEL', 12.00, 1314),
(1095, 'NICE CHOUFFE', 'ALE, BELGIA', 'QUADRUPEL', 10.00, 1034),
(1096, 'ROCHEFORT 10', 'ALE, BELGIA', 'QUADRUPEL', 11.30, 1279),
(1097, 'S. SIXTUS (BERN.) ABT', 'ALE, BELGIA', 'QUADRUPEL', 10.00, 1183),
(1098, 'ULTRABRUNE', 'ALE, BELGIA', 'QUADRUPEL', 10.00, 880),
(1099, 'WESTVLETEREN 12', 'ALE, BELGIA', 'QUADRUPEL', 10.60, 1281),
(1100, 'LA TRAPPE QUADRUPEL', 'ALE, BELGIA', 'QUADRUPEL', 10.00, 1276),
(1101, 'WEYERBACHER QUAD', 'ALE, BELGIA', 'QUADRUPEL', 12.10, 1331),
(1102, 'CERVESIA', 'ALE, BELGIA', 'SAISON', 8.50, 878),
(1103, 'SAISON DE SILLY', 'ALE, BELGIA', 'SAISON', 5.00, 1217),
(1104, 'SAISON DUPONT', 'ALE, BELGIA', 'SAISON', 6.50, 878),
(1105, 'SAISON REGAL', 'ALE, BELGIA', 'SAISON', 6.50, 874),
(1106, 'SEZOENS', 'ALE, BELGIA', 'SAISON', 6.00, 1075),
(1107, 'SAISON DU BI-DU', 'ALE, BELGIA', 'SAISON', 5.00, 745),
(1108, 'SHANGRI-LA', 'ALE, BELGIA', 'SAISON', 8.50, 1287),
(1109, 'WAYAN', 'ALE, BELGIA', 'SAISON', 5.20, 717),
(1110, 'WAYAN CUVEE D\'ETE\'', 'ALE, BELGIA', 'SAISON', 5.80, 717),
(1111, 'MAGNOLIA SAISON', 'ALE, BELGIA', 'SAISON', 6.40, 1068),
(1112, 'RABBID RABBIT', 'ALE, BELGIA', 'SAISON', 7.20, 679),
(1113, 'AFFLIGEM TRIPLE', 'ALE, BELGIA', 'TRIPLE', 8.50, 853),
(1114, 'AGNUS DEI', 'ALE, BELGIA', 'TRIPLE', 8.00, 875),
(1115, 'BORNEM TRIPPEL', 'ALE, BELGIA', 'TRIPLE', 9.00, 748),
(1116, 'BRUGSE TRIPEL', 'ALE, BELGIA', 'TRIPLE', 9.00, 841),
(1117, 'DENDERMONDE TRIPLE', 'ALE, BELGIA', 'TRIPLE', 8.00, 838),
(1118, 'DULLE TEVE', 'ALE, BELGIA', 'TRIPLE', 10.00, 840),
(1119, 'ENAMEL TRIPEL', 'ALE, BELGIA', 'TRIPLE', 9.00, 1175),
(1120, 'GENTSE TRIPEL', 'ALE, BELGIA', 'TRIPLE', 8.00, 748),
(1121, 'GRIMBERGER TRIPLE', 'ALE, BELGIA', 'TRIPLE', 7.00, 1298),
(1122, 'KASTEEL TRIPLE', 'ALE, BELGIA', 'TRIPLE', 11.00, 1314),
(1123, 'LA MONTAGNARDE', 'ALE, BELGIA', 'TRIPLE', 9.00, 682),
(1124, 'LAMORAL TRIPEL', 'ALE, BELGIA', 'TRIPLE', 8.00, 1311),
(1125, 'LEFFE TRIPLE', 'ALE, BELGIA', 'TRIPLE', 8.40, 1064),
(1126, 'LICHTERVELDS BLONDE', 'ALE, BELGIA', 'TRIPLE', 9.00, 840),
(1127, 'MAREDSOUS 10', 'ALE, BELGIA', 'TRIPLE', 10.00, 1091),
(1128, 'MONT SAINT-AUBERT', 'ALE, BELGIA', 'TRIPLE', 8.00, 788),
(1129, 'QUEUE DE CHARRUE BLONDE', 'ALE, BELGIA', 'TRIPLE', 9.00, 748),
(1130, 'RIVA ABBEY TRIPLE', 'ALE, BELGIA', 'TRIPLE', 7.50, 1168),
(1131, 'S. DENISE GRAND CRU', 'ALE, BELGIA', 'TRIPLE', 7.60, 1248),
(1132, 'S. LAURENT TRIPLE', 'ALE, BELGIA', 'TRIPLE', 7.60, 1248),
(1133, 'S. MICHAEL', 'ALE, BELGIA', 'TRIPLE', 6.80, 994),
(1134, 'S. SEBASTIAN GRAND CRU', 'ALE, BELGIA', 'TRIPLE', 7.60, 1248),
(1135, 'S. SIXTUS (BERN.) TRIPLE', 'ALE, BELGIA', 'TRIPLE', 7.50, 1183),
(1136, 'S.ARNOLDUS', 'ALE, BELGIA', 'TRIPLE', 7.20, 1168),
(1137, 'SERAFIJN TRIPLE', 'ALE, BELGIA', 'TRIPLE', 8.00, 684),
(1138, 'ST. FEUILLEN TRIPLE', 'ALE, BELGIA', 'TRIPLE', 8.50, 922),
(1139, 'STEENBRUGGE TRIPLE', 'ALE, BELGIA', 'TRIPLE', 9.00, 841),
(1140, 'TOISON DOR TRIPLE', 'ALE, BELGIA', 'TRIPLE', 7.00, 978),
(1141, 'TRAP 40', 'ALE, BELGIA', 'TRIPLE', 9.00, 994),
(1142, 'TRIPLE KARMELIERT', 'ALE, BELGIA', 'TRIPLE', 8.00, 764),
(1143, 'TRIPLE MOINE', 'ALE, BELGIA', 'TRIPLE', 7.00, 874),
(1144, 'VAL DIEU TRIPLE', 'ALE, BELGIA', 'TRIPLE', 9.00, 1308),
(1145, 'WESTMALLE TRIPLE', 'ALE, BELGIA', 'TRIPLE', 9.00, 1280),
(1146, 'WITKAP PATER TRIPEL', 'ALE, BELGIA', 'TRIPLE', 7.50, 1223),
(1147, 'LA FIN DU MONDE', 'ALE, BELGIA', 'TRIPLE', 9.00, 1295),
(1148, 'HERTOG JAN TRIPLE', 'ALE, BELGIA', 'TRIPLE', 8.50, 703),
(1149, 'LA TRAPPE TRIPEL', 'ALE, BELGIA', 'TRIPLE', 8.00, 1277),
(1150, 'BAJA TRIPLE', 'ALE, BELGIA', 'TRIPLE', 9.00, 716),
(1151, 'GOLDEN MONKEY', 'ALE, BELGIA', 'TRIPLE', 9.50, 1323),
(1152, 'DON DE DIEU', 'ALE, BELGIA', 'TRIPLE/BLANCHE', 9.00, 1295),
(1153, 'DOPPELHOPFEN HELL', 'ALE, BELGIA', NULL, 3.80, 779),
(1154, 'ALDEGONDE', 'ALE, BELGIA', NULL, 8.50, 1084),
(1155, 'ARTEVELDE GRAND CRU', 'ALE, BELGIA', NULL, 6.70, 994),
(1156, 'AUGUSTIJN', 'ALE, BELGIA', NULL, 8.00, 748),
(1157, 'BLONDINE', 'ALE, BELGIA', NULL, 9.00, 842),
(1158, 'BRIGAND', 'ALE, BELGIA', NULL, 9.00, 1314),
(1159, 'BRUNEHAUT TRADITION', 'ALE, BELGIA', NULL, 6.50, 788),
(1160, 'BRUNEHAUT VILLAGES', 'ALE, BELGIA', NULL, 6.50, 788),
(1161, 'BRUNETTE', 'ALE, BELGIA', NULL, 9.00, 842),
(1162, 'BUSH 7', 'ALE, BELGIA', NULL, 7.00, 877),
(1163, 'CINEY BRUNE', 'ALE, BELGIA', NULL, 7.00, 1298),
(1164, 'CINEY SPECIALE', 'ALE, BELGIA', NULL, 9.00, 1298),
(1165, 'CUVEE DE LERMITAGE', 'ALE, BELGIA', NULL, 5.00, 1298),
(1166, 'DE BROGNE BLONDE', 'ALE, BELGIA', NULL, 5.00, 855),
(1167, 'DOUBLE ENGHIEN', 'ALE, BELGIA', NULL, 8.00, 1217),
(1168, 'DUVEL BRUNE', 'ALE, BELGIA', NULL, 5.00, 1090),
(1169, 'FIREFOX', 'ALE, BELGIA', NULL, 7.00, 994),
(1170, 'FORMULA ANT. RENOVATA', 'ALE, BELGIA', NULL, 10.00, 853),
(1171, 'GAULOISE', 'ALE, BELGIA', NULL, 8.20, 874),
(1172, 'GAULOISE BLONDE', 'ALE, BELGIA', NULL, 7.00, 874),
(1173, 'GAULOISE BRUNE', 'ALE, BELGIA', NULL, 8.50, 874),
(1174, 'GILDENBIER', 'ALE, BELGIA', NULL, 7.00, 951),
(1175, 'GOUDEN CAROLUS', 'ALE, BELGIA', NULL, 7.40, 978),
(1176, 'GOUDEN CAROLUS AMBRIO', 'ALE, BELGIA', NULL, 6.50, 978),
(1177, 'GRAND MONARQUE', 'ALE, BELGIA', NULL, 8.40, 874),
(1178, 'HELLEKETERBIER', 'ALE, BELGIA', NULL, 7.00, 837),
(1179, 'HOEGAARDS GRAND CRU', 'ALE, BELGIA', NULL, 8.70, 845),
(1180, 'HOTTEUSE-BIERE DE CHINY', 'ALE, BELGIA', NULL, 8.00, 851),
(1181, 'HY CUVEE', 'ALE, BELGIA', NULL, 11.00, 748),
(1182, 'HY SUPER', 'ALE, BELGIA', NULL, 11.00, 748),
(1183, 'IL FRUTTO PROIBITO', 'ALE, BELGIA', NULL, 8.00, 845),
(1184, 'JAN VAN GENT', 'ALE, BELGIA', NULL, 5.50, 1055),
(1185, 'KNIGHTS ALE', 'ALE, BELGIA', NULL, 6.00, 874),
(1186, 'LA CHOUFFE', 'ALE, BELGIA', NULL, 8.00, 1034),
(1187, 'LA RESERVE DE LABBESSE', 'ALE, BELGIA', NULL, 7.60, 1248),
(1188, 'LECUME DES JOURS', 'ALE, BELGIA', NULL, 7.00, 788),
(1189, 'LEFFE BLONDE', 'ALE, BELGIA', NULL, 6.00, 1064),
(1190, 'LEFFE BRUNE', 'ALE, BELGIA', NULL, 6.20, 1064),
(1191, 'LEFFE ROSSA', 'ALE, BELGIA', NULL, 6.50, 1064),
(1192, 'LIVING 6.3', 'ALE, BELGIA', NULL, 6.30, 748),
(1193, 'MAREDSOUS 6', 'ALE, BELGIA', NULL, 6.80, 1090),
(1194, 'OERBIER', 'ALE, BELGIA', NULL, 7.50, 840),
(1195, 'OREGON RODEO BEER', 'ALE, BELGIA', NULL, 4.30, 1248),
(1196, 'ORVAL', 'ALE, BELGIA', NULL, 5.70, 1278),
(1197, 'PAUWEL KWACK', 'ALE, BELGIA', NULL, 5.00, 764),
(1198, 'PETRUS WINTERBIER', 'ALE, BELGIA', NULL, 6.50, 731),
(1199, 'POPERINGS HOMMEL BIER', 'ALE, BELGIA', NULL, 7.50, 1313),
(1200, 'QUINTINE', 'ALE, BELGIA', NULL, 8.00, 890),
(1201, 'QUINTINE AMBREE', 'ALE, BELGIA', NULL, 8.50, 890),
(1202, 'RED LION', 'ALE, BELGIA', NULL, 5.00, 1298),
(1203, 'REGAL CHRISTMAS', 'ALE, BELGIA', NULL, 9.00, 874),
(1204, 'ROCHEFORTOISE WINTER', 'ALE, BELGIA', NULL, 12.00, 1170),
(1205, 'STILLE NACHT', 'ALE, BELGIA', NULL, 9.00, 840),
(1206, 'STRAFFE HENDRIK', 'ALE, BELGIA', NULL, 6.50, 1253),
(1207, 'SUPER DES FAGNES', 'ALE, BELGIA', NULL, 8.00, 1047),
(1208, 'TER DOLEN', 'ALE, BELGIA', NULL, 6.00, 867),
(1209, 'TONGERLO', 'ALE, BELGIA', NULL, 6.00, 951),
(1210, 'UIZET', 'ALE, BELGIA', NULL, 6.80, 1126),
(1211, 'VAL-DIEU AMBREE', 'ALE, BELGIA', NULL, 7.00, 1308),
(1212, 'WAASE WOLF', 'ALE, BELGIA', NULL, 6.50, 760),
(1213, 'WALLONIE', 'ALE, BELGIA', NULL, 9.50, 706),
(1214, 'XX BITTER', 'ALE, BELGIA', NULL, 6.20, 849),
(1215, 'LA GALLIARDE', 'ALE, BELGIA', NULL, 5.00, 1295),
(1216, 'ALPHAND AMBREE', 'ALE, BELGIA', NULL, 5.00, 695),
(1217, 'FELIBREE', 'ALE, BELGIA', NULL, 5.00, 801),
(1218, 'LA CORNUE BLONDE', 'ALE, BELGIA', NULL, 6.50, 1036),
(1219, 'LA CORNUE BRUNE', 'ALE, BELGIA', NULL, 7.70, 1036),
(1220, 'LA FRAICHE DE LAUNELLE', 'ALE, BELGIA', NULL, 5.50, 879),
(1221, 'PELFORTH BRUNE', 'ALE, BELGIA', NULL, 6.60, 1134),
(1222, 'SPECIAL CHRISTMAS', 'ALE, BELGIA', NULL, 5.00, 940),
(1223, 'DUCKSTEIN', 'ALE, BELGIA', NULL, 4.90, 988),
(1224, 'BLONDE DU BALADIN', 'ALE, BELGIA', NULL, 5.00, 717),
(1225, 'BRIGHELLA', 'ALE, BELGIA', NULL, 8.00, 1043),
(1226, 'ELIXIR', 'ALE, BELGIA', NULL, 10.00, 717),
(1227, 'ESTASI', 'ALE, BELGIA', NULL, 6.00, 723),
(1228, 'GRAND CRU', 'ALE, BELGIA', NULL, 7.50, 753),
(1229, 'MARTESANA', 'ALE, BELGIA', NULL, 4.20, 750),
(1230, 'MONTESTELLA', 'ALE, BELGIA', NULL, 5.50, 1043),
(1231, 'PANIL AMBREE', 'ALE, BELGIA', NULL, 6.50, 1273),
(1232, 'PANIL ENHANCED', 'ALE, BELGIA', NULL, 9.50, 1273),
(1233, 'PORPORA', 'ALE, BELGIA', NULL, 6.50, 1043),
(1234, 'S. AMBROEUS', 'ALE, BELGIA', NULL, 7.00, 1043),
(1235, 'S.NICOLO', 'ALE, BELGIA', NULL, 6.00, 821),
(1236, 'SUPER BALADIN', 'ALE, BELGIA', NULL, 8.00, 717),
(1237, 'YACHIYO GOLD ALE', 'ALE, BELGIA', NULL, 4.00, 1347),
(1238, 'ARCEN BOCK', 'ALE, BELGIA', NULL, 6.50, 703),
(1239, 'COLUMBUS', 'ALE, BELGIA', NULL, 9.00, 997),
(1240, 'HERTOG JAN BLOND', 'ALE, BELGIA', NULL, 5.00, 703),
(1241, 'HERTOG JAN GRAND PRESTIGE', 'ALE, BELGIA', NULL, 10.00, 703),
(1242, 'JOPEN HOPPENBIER', 'ALE, BELGIA', NULL, 6.80, 952),
(1243, 'MERCK TOCH HOE STERK', 'ALE, BELGIA', NULL, 8.50, 1201),
(1244, 'NEERLANDS ALE 21', 'ALE, BELGIA', NULL, 8.50, 1073),
(1245, 'OUD LIMBOURGS', 'ALE, BELGIA', NULL, 6.00, 703),
(1246, 'STRANDGAPER', 'ALE, BELGIA', NULL, 6.20, 1201),
(1247, 'STRUIS', 'ALE, BELGIA', NULL, 9.00, 997),
(1248, 'BIPLANO', 'ALE, BELGIA', NULL, 5.00, 1110),
(1249, 'LA TORPILLE', 'ALE, BELGIA', NULL, 7.50, 767),
(1250, 'BLANCHEE', 'ALE, BELGIA', NULL, 5.00, 1131),
(1251, 'IMMORTALE', 'ALE, BELGIA', NULL, 11.00, 865),
(1252, 'ST. THOMAS BRAU', 'ALE/LAGER H', 'ALT', 4.60, 779),
(1253, 'ACTIEN ALT', 'ALE/LAGER H', 'ALT', 5.00, 869),
(1254, 'DIEBELS ALT', 'ALE/LAGER H', 'ALT', 5.00, 862),
(1255, 'EDER PRIVAT ALT', 'ALE/LAGER H', 'ALT', 5.00, 881),
(1256, 'GAMBRINUS ALT', 'ALE/LAGER H', 'ALT', 5.50, 928),
(1257, 'GATZWEILERS ALT', 'ALE/LAGER H', 'ALT', 5.00, 930),
(1258, 'HANNEN ALT', 'ALE/LAGER H', 'ALT', 5.00, 957),
(1259, 'KAISERDOM ALT RUBIN', 'ALE/LAGER H', 'ALT', 5.00, 791),
(1260, 'KUR ALT', 'ALE/LAGER H', 'ALT', 5.00, 1031),
(1261, 'KUTSCHER ALT', 'ALE/LAGER H', 'ALT', 5.00, 747),
(1262, 'SCHLOSSER ALT', 'ALE/LAGER H', 'ALT', 5.00, 871),
(1263, 'UERIGE ALT', 'ALE/LAGER H', 'ALT', 4.50, 1293),
(1264, 'WETZLARER ALT', 'ALE/LAGER H', 'ALT', 5.00, 897),
(1265, 'KYOTO ALT', 'ALE/LAGER H', 'ALT', 5.00, 1032),
(1266, 'SCHAFLY ALTBIER', 'ALE/LAGER H', 'ALT', 5.00, 1199),
(1267, 'FRUHS ECHT KOLSCH', 'ALE/LAGER H', 'KOLSCH', 5.00, 923),
(1268, 'GAFFEL KOLSCH', 'ALE/LAGER H', 'KOLSCH', 5.00, 926),
(1269, 'GARDE KOLSCH', 'ALE/LAGER H', 'KOLSCH', 5.00, 929),
(1270, 'KUPPERS KOLSCH', 'ALE/LAGER H', 'KOLSCH', 4.60, 1030),
(1271, 'MALZMUHLE KOLSCH', 'ALE/LAGER H', 'KOLSCH', 5.00, 1071),
(1272, 'PAFFGEN KOLSCH', 'ALE/LAGER H', 'KOLSCH', 5.00, 1127),
(1273, 'SION KOLSCH', 'ALE/LAGER H', 'KOLSCH', 5.00, 1220),
(1274, 'RODERSCH', 'ALE/LAGER H', 'KOLSCH', 5.00, 745),
(1275, 'KOLSCH', 'ALE/LAGER H', 'KOLSCH', 5.00, 936),
(1276, 'ANCHOR STEAM BEER', 'ALE/LAGER H', 'STEAM', 5.00, 699),
(1277, 'OLD FAITHFUL', 'ALE/LAGER H', 'STEAM', 5.50, 967),
(1278, 'SIR HENRYS STOUT', 'STOUT & POR', 'DRY', 5.20, 779),
(1279, 'BLACK BOWLER LONDON', 'STOUT & POR', 'DRY', 5.00, 1332),
(1280, 'DEEP SHAFT STOUT', 'STOUT & POR', 'DRY', 6.20, 921),
(1281, 'DOROTHY GOODBODY WHOLESOME', 'STOUT & POR', 'DRY', 4.60, 1344),
(1282, 'ENTIRE STOUT', 'STOUT & POR', 'DRY', 4.40, 990),
(1283, 'LIQUORICE STOUT', 'STOUT & POR', 'DRY', 6.00, 1272),
(1284, 'NEW QUAY STEAM STOUT', 'STOUT & POR', 'DRY', 5.40, 829),
(1285, 'NOURISHING STOUT', 'STOUT & POR', 'DRY', 4.00, 927),
(1286, 'OHANLONS PORT STOUT', 'STOUT & POR', 'DRY', 4.80, 1107),
(1287, 'OYSTER STOUT', 'STOUT & POR', 'DRY', 4.50, 1074),
(1288, 'S. SMITHS EXTRA STOUT', 'STOUT & POR', 'DRY', 4.10, 1191),
(1289, 'SHOREDITCH STOUT', 'STOUT & POR', 'DRY', 4.00, 1143),
(1290, 'TITANIC STOUT', 'STOUT & POR', 'DRY', 4.50, 1271),
(1291, 'WHITBREAD EXTRA STOUT', 'STOUT & POR', 'DRY', 5.00, 1332),
(1292, 'WOLF STOUT', 'STOUT & POR', 'DRY', 4.80, 1336),
(1293, 'ALPHAND STOUT', 'STOUT & POR', 'DRY', 5.00, 695),
(1294, 'DARK DE TRIOMPHE', 'STOUT & POR', 'DRY', 5.00, 1262),
(1295, 'BEAMISH STOUT', 'STOUT & POR', 'DRY', 5.00, 732),
(1296, 'BROADFORK STOUT', 'STOUT & POR', 'DRY', 3.60, 1136),
(1297, 'CAFFREYS STOUT', 'STOUT & POR', 'DRY', 6.00, 796),
(1298, 'DARCYS STOUT', 'STOUT & POR', 'DRY', 4.70, 876),
(1299, 'GUINNESS COOL CASK', 'STOUT & POR', 'DRY', 4.20, 946),
(1300, 'GUINNESS DRAUGHT', 'STOUT & POR', 'DRY', 5.00, 946),
(1301, 'GUINNESS EXTRA STOUT', 'STOUT & POR', 'DRY', 4.20, 946),
(1302, 'MURPHYS STOUT', 'STOUT & POR', 'DRY', 5.00, 1097),
(1303, 'OHARA', 'STOUT-POR', 'DRY', 4.30, 805),
(1304, 'OYSTER STOUT', 'STOUT & POR', 'DRY', 4.80, 1149),
(1305, 'WRASSLERS XXXX', 'STOUT & POR', 'DRY', 5.00, 1149),
(1306, 'BRUNE DU BALADIN', 'STOUT & POR', 'DRY', 4.90, 717),
(1307, 'GILLESPIE', 'STOUT & POR', 'DRY', 4.00, 1208),
(1308, 'TENNENTS STOUT', 'STOUT & POR', 'DRY', 5.00, 1259),
(1309, 'CABLE CAR STOUT', 'STOUT & POR', 'DRY', 5.00, 692),
(1310, 'HAWK STOUT', 'STOUT & POR', 'DRY', 5.20, 1082),
(1311, 'MAPLE STOUT', 'STOUT & POR', 'DRY', 5.00, 1180),
(1312, 'POG NO THON', 'STOUT & POR', 'DRY', 6.00, 722),
(1313, 'RILEYS STOUT', 'STOUT & POR', 'DRY', 5.00, 1131),
(1314, 'SARANAC BLACK AND TAN', 'STOUT & POR', 'DRY', 5.10, 1076),
(1315, 'SHAKESPEARE STOUT', 'STOUT & POR', 'DRY', 6.00, 1173),
(1316, 'TERMINAL STOUT', 'STOUT & POR', 'DRY', 5.00, 1171),
(1317, 'DOUBLE BLACK STOUT', 'STOUT & POR', 'DRY/COFFEE', 6.80, 1159),
(1318, 'GUINNESS FOREIGN', 'STOUT & POR', 'FOREIGN', 7.50, 946),
(1319, 'GUINNESS SPECIAL EXPORT', 'STOUT & POR', 'FOREIGN', 8.00, 946),
(1320, 'KIRIN STOUT', 'STOUT & POR', 'FOREIGN', 8.00, 1019),
(1321, 'ABC STOUT', 'STOUT & POR', 'FOREIGN', 8.10, 710),
(1322, 'EXPORT STOUT', 'STOUT & POR', 'IMPERIAL', 9.00, 840),
(1323, 'HERCULE STOUT', 'STOUT & POR', 'IMPERIAL', 9.00, 890),
(1324, 'PERNSTEJN PORTER', 'STOUT & POR', 'IMPERIAL', 8.00, 1138),
(1325, 'ALBANI PORTER', 'STOUT & POR', 'IMPERIAL', 7.80, 691),
(1326, 'CERES STOUT', 'STOUT & POR', 'IMPERIAL', 7.70, 813),
(1327, 'IMPERIAL STOUT', 'STOUT & POR', 'IMPERIAL', 7.80, 806),
(1328, 'LIMFJORD PORTER', 'STOUT & POR', 'IMPERIAL', 5.00, 1304),
(1329, 'PORTER DOUBLE STOUT', 'STOUT & POR', 'IMPERIAL', 5.00, 1290),
(1330, 'WIBROE IMPERIAL STOUT', 'STOUT & POR', 'IMPERIAL', 5.00, 1333),
(1331, '1792 IMPERIAL STOUT', 'STOUT & POR', 'IMPERIAL', 9.30, 1143),
(1332, 'IMPERIAL RUSSIAN STOUT', 'STOUT & POR', 'IMPERIAL', 9.50, 832),
(1333, 'OLD BARLEY IMPERIAL', 'STOUT & POR', 'IMPERIAL', 5.40, 725),
(1334, 'SMITHS IMPERIAL STOUT', 'STOUT & POR', 'IMPERIAL', 7.00, 1191),
(1335, 'SUSSEX IMPERIAL STOUT', 'STOUT & POR', 'IMPERIAL', 5.00, 1018),
(1336, 'ARCENER STOUT', 'STOUT & POR', 'IMPERIAL', 6.50, 703),
(1337, 'SKOL EXTRA STOUT', 'STOUT & POR', 'IMPERIAL', 5.00, 1222),
(1338, 'BALTIKA PORTER', 'STOUT & POR', 'IMPERIAL', 7.00, 720),
(1339, 'ZYWIEC PORTER', 'STOUT & POR', 'IMPERIAL', 9.30, 1354),
(1340, 'LION STOUT', 'STOUT & POR', 'IMPERIAL', 8.00, 818),
(1341, 'ALMOND IMPERIAL STOUT', 'STOUT & POR', 'IMPERIAL', 9.00, 722),
(1342, 'EXPEDITION STOUT', 'STOUT & POR', 'IMPERIAL', 10.00, 740),
(1343, 'GRANTS IMPERIAL STOUT', 'STOUT & POR', 'IMPERIAL', 6.70, 1348),
(1344, 'IMPERIAL STOUT', 'STOUT & POR', 'IMPERIAL', 11.80, 1173),
(1345, 'LEFT HAND IMPERIAL STOUT', 'STOUT & POR', 'IMPERIAL', 10.40, 1053),
(1346, 'OLD RASPUTIN', 'STOUT & POR', 'IMPERIAL', 8.90, 1106),
(1347, 'WORLD WIDE STOUT', 'STOUT & POR', 'IMPERIAL', 8.00, 866),
(1348, 'SMITHS OATMEAL STOUT', 'STOUT & POR', 'OATMEAL', 4.50, 1191),
(1349, 'YOUNGS OATMEAL STOUT', 'STOUT & POR', 'OATMEAL', 5.00, 1349),
(1350, 'OATMEAL STOUT', 'STOUT & POR', 'OATMEAL', 5.00, 1089),
(1351, 'OATMEAL STOUT', 'STOUT & POR', 'OATMEAL', 4.20, 787),
(1352, 'BARNEY FLATS', 'STOUT & POR', 'OATMEAL', 6.00, 700),
(1353, 'BILGEWATER STOUT', 'STOUT & POR', 'OATMEAL', 5.00, 1245),
(1354, 'FARMER JOES', 'STOUT & POR', 'OATMEAL', 6.00, 967),
(1355, 'FOUR PEAKS OATMEAL STOUT', 'STOUT & POR', 'OATMEAL', 5.00, 918),
(1356, 'STOUT OF CIRCUMSTANCE', 'STOUT & POR', 'OATMEAL', 6.00, 1068),
(1357, 'UPTOWN STOUT', 'STOUT & POR', 'OATMEAL', 5.00, 1303),
(1358, 'WOLAVERS OATMEAL STOUT', 'STOUT & POR', 'OATMEAL', 5.00, 1123),
(1359, '1850 LONDON PORTER', 'STOUT & POR', 'PORTER', 5.00, 1143),
(1360, 'ALBION PORTER', 'STOUT & POR', 'PORTER', 4.80, 1074),
(1361, 'DOGBOLTER', 'STOUT & POR', 'PORTER', 5.60, 908),
(1362, 'FLAG PORTER', 'STOUT & POR', 'PORTER', 5.00, 889),
(1363, 'HONEY PORTER', 'STOUT & POR', 'PORTER', 4.90, 939),
(1364, 'LIQUORICE PORTER', 'STOUT & POR', 'PORTER', 5.00, 1143),
(1365, 'LONDON PORTER', 'STOUT & POR', 'PORTER', 4.50, 924),
(1366, 'OLD SLUG PORTER', 'STOUT & POR', 'PORTER', 4.50, 1158),
(1367, 'ORIGINAL PORTER', 'STOUT & POR', 'PORTER', 5.20, 1212),
(1368, 'PORTER', 'STOUT & POR', 'PORTER', 5.00, 1305),
(1369, 'TADDY PORTER', 'STOUT & POR', 'PORTER', 4.60, 1191),
(1370, 'CONFINE', 'STOUT & POR', 'PORTER', 6.00, 745),
(1371, 'ANCHOR PORTER', 'STOUT & POR', 'PORTER', 5.70, 699),
(1372, 'BLACKS BEACH', 'STOUT & POR', 'PORTER', 5.00, 1112),
(1373, 'GRAVEYARD PORTER', 'STOUT & POR', 'PORTER', 5.40, 722),
(1374, 'HONEY PORTER', 'STOUT & POR', 'PORTER', 5.00, 967),
(1375, 'HUDSON PORTER', 'STOUT & POR', 'PORTER', 5.10, 824),
(1376, 'MC GUIRES PLAIN PORTER', 'STOUT & POR', 'PORTER', 4.30, 1079),
(1377, 'NOT TONIGHT HONEY PORTER', 'STOUT & POR', 'PORTER', 6.50, 967),
(1378, 'POINT LOMA PORTER', 'STOUT & POR', 'PORTER', 5.00, 830),
(1379, 'ROAD DOG', 'STOUT & POR', 'PORTER', 5.40, 913),
(1380, 'SIERRA NEVADA PORTER', 'STOUT & POR', 'PORTER', 5.60, 1215),
(1381, 'UNCLE DUDLEYS PERCOLATOR', 'STOUT & POR', 'PORTER', 5.90, 933),
(1382, 'BUFFALO', 'STOUT & POR', 'SWEET', 6.50, 1311),
(1383, 'WILSON MILD STOUT', 'STOUT & POR', 'SWEET', 5.00, 748),
(1384, 'DOUBLE CHOCOLATE', 'STOUT & POR', 'SWEET', 5.00, 1349),
(1385, 'MACKESON', 'STOUT & POR', 'SWEET', 5.00, 1332),
(1386, 'VELVET STOUT', 'STOUT & POR', 'SWEET', 5.00, 832),
(1387, 'PORTER 39', 'STOUT & POR', 'SWEET', 6.90, 1300),
(1388, 'VIA LATTEA', 'STOUT & POR', 'SWEET', 4.00, 754),
(1389, 'MAC CALLUMS STOUT', 'STOUT & POR', 'SWEET', 4.10, 736),
(1390, 'SWEETHEARTH STOUT', 'STOUT & POR', 'SWEET', 5.00, 1259),
(1391, 'WINSTON SWEET STOUT', 'STOUT & POR', 'SWEET', 5.00, 736),
(1392, 'YOUNGERS SWEET STOUT', 'STOUT & POR', 'SWEET', 5.00, 1208),
(1393, 'BANDERSNATCH SWEET STOUT', 'STOUT & POR', 'SWEET', 6.00, 722),
(1394, 'BERLINER WEISSE', 'WHEAT (GRAN', 'BERLINER', 2.50, 1017),
(1395, 'KINDL BERLINER WEISSE', 'WHEAT (GRAN', 'BERLINER', 5.00, 1322),
(1396, 'BLANCHE DE BRUGES', 'WHEAT (GRAN', 'BLANCHE-WIT', 5.00, 841),
(1397, 'BLANCHE DE NAMUR', 'WHEAT (GRAN', 'BLANCHE-WIT', 4.50, 874),
(1398, 'BLANCHE DE NOEL', 'WHEAT (GRAN', 'BLANCHE-WIT', 4.20, 874),
(1399, 'BLANCHE DES HONNELLES', 'WHEAT (GRAN', 'BLANCHE-WIT', 6.00, 682),
(1400, 'DENTERGEMS WITBIER', 'WHEAT (GRAN', 'BLANCHE-WIT', 5.00, 1168),
(1401, 'HOEGAARDS DAS', 'WHEAT (GRAN', 'BLANCHE-WIT', 5.00, 845),
(1402, 'HOEGAARDS WIT', 'WHEAT (GRAN', 'BLANCHE-WIT', 5.00, 845),
(1403, 'MEDITERRANEA', 'WHEAT (GRAN', 'BLANCHE-WIT', 4.50, 748),
(1404, 'OREGON WHITE BEER', 'WHEAT (GRAN', 'BLANCHE-WIT', 5.50, 1248),
(1405, 'SAISIS', 'WHEAT (GRAN', 'BLANCHE-WIT', 6.20, 890),
(1406, 'WATOU BLANCHE', 'WHEAT (GRAN', 'BLANCHE-WIT', 5.00, 1313),
(1407, 'BLANCHE DE CHAMBY', 'WHEAT (GRAN', 'BLANCHE-WIT', 5.00, 1295),
(1408, 'AIGUILLE BLANCHE', 'WHEAT (GRAN', 'BLANCHE-WIT', 5.00, 820),
(1409, 'ALPHAND BLANCHE', 'WHEAT (GRAN', 'BLANCHE-WIT', 5.00, 695),
(1410, 'AMADEUS', 'WHEAT (GRAN', 'BLANCHE-WIT', 4.50, 892),
(1411, 'BRITT BLANCHE', 'WHEAT (GRAN', 'BLANCHE-WIT', 5.40, 785),
(1412, 'COLOMBA', 'WHEAT (GRAN', 'BLANCHE-WIT', 5.00, 1141),
(1413, 'LA CORNUE BLANCHE', 'WHEAT (GRAN', 'BLANCHE-WIT', 6.10, 1036),
(1414, 'TOURMENTE BLANCHE', 'WHEAT (GRAN', 'BLANCHE-WIT', 5.00, 941),
(1415, 'ISAAC', 'WHEAT (GRAN', 'BLANCHE-WIT', 4.60, 717),
(1416, 'PANADA', 'WHEAT (GRAN', 'BLANCHE-WIT', 4.50, 1287),
(1417, 'OUWE DAEN WIT', 'WHEAT (GRAN', 'BLANCHE-WIT', 5.00, 1306),
(1418, 'WIECKSE WITTE', 'WHEAT (GRAN', 'BLANCHE-WIT', 5.00, 850),
(1419, 'HARVIESTOUN BELGIAN WHITE', 'WHEAT (GRAN', 'BLANCHE-WIT', 4.30, 965),
(1420, 'LA SALAMANDRE', 'WHEAT (GRAN', 'BLANCHE-WIT', 5.50, 767),
(1421, 'BLANCHE DE BROOKLIN', 'WHEAT (GRAN', 'BLANCHE-WIT', 4.50, 786),
(1422, 'CELIS WHITE', 'WHEAT (GRAN', 'BLANCHE-WIT', 5.00, 810),
(1423, 'PENTAMAX', 'WHEAT (GRAN', 'DARK WIT', 6.00, 1078),
(1424, 'AVENTINUS', 'WHEAT (GRAN', 'DUNKELWEIZE', 7.80, 1205),
(1425, 'EKU HEFE-WEISS DUNKEL', 'WHEAT (GRAN', 'DUNKELWEIZE', 5.10, 895),
(1426, 'HOPF DUNKLE', 'WHEAT (GRAN', 'DUNKELWEIZE', 5.00, 958),
(1427, 'PAULANER WEISS DUNKEL', 'WHEAT (GRAN', 'DUNKELWEIZE', 5.30, 1133),
(1428, 'ROSENWEIZEN', 'WHEAT (GRAN', 'DUNKELWEIZE', 5.00, 1177),
(1429, 'SCHLOSSWEISSE (DUNKLES)', 'WHEAT (GRAN', 'DUNKELWEIZE', 4.80, 1204),
(1430, 'SCHWARZE WEISSE', 'WHEAT (GRAN', 'DUNKELWEIZE', 5.10, 984),
(1431, 'VUDU', 'WHEAT (GRAN', 'DUNKELWEIZE', 5.50, 753),
(1432, 'EDELWEISS HEFETRUB', 'WHEAT (GRAN', 'WEIZE', 5.50, 1013),
(1433, 'GOSSER WEISSE', 'WHEAT (GRAN', 'WEIZE', 5.00, 1246),
(1434, 'WEIZENGOLD (CHAMPAGNER)', 'WHEAT (GRAN', 'WEIZE', 5.50, 1007),
(1435, 'WEIZENGOLD (HEFE)', 'WHEAT (GRAN', 'WEIZE', 5.00, 1007),
(1436, 'FREEDOM WHEAT', 'WHEAT (GRAN', 'WEIZE', 5.00, 920),
(1437, 'ABT ANDREAS', 'WHEAT (GRAN', 'WEIZE', 4.90, 991),
(1438, 'ARCOBRAU URWEISSE', 'WHEAT (GRAN', 'WEIZE', 5.30, 704),
(1439, 'AYINGER WEISSE', 'WHEAT (GRAN', 'WEIZE', 5.00, 713),
(1440, 'BRINKUS WEIZEN', 'WHEAT (GRAN', 'WEIZE', 5.00, 784),
(1441, 'DEININGER HEFE-WEISSB.', 'WHEAT (GRAN', 'WEIZE', 5.10, 858),
(1442, 'EKU HEFE-WEIZEN', 'WHEAT (GRAN', 'WEIZE', 5.00, 895),
(1443, 'ERDINGER WEISSBIER', 'WHEAT (GRAN', 'WEIZE', 5.30, 894),
(1444, 'FRANZISKANER', 'WHEAT (GRAN', 'WEIZE', 5.00, 1229),
(1445, 'GAMBRINUS WEIZEN', 'WHEAT (GRAN', 'WEIZE', 5.50, 928),
(1446, 'HACKER-PSCHORR WEISSE', 'WHEAT (GRAN', 'WEIZE', 5.50, 954),
(1447, 'HB WEIZEN', 'WHEAT (GRAN', 'WEIZE', 5.20, 984),
(1448, 'HUBER WEISS', 'WHEAT (GRAN', 'WEIZE', 5.00, 985),
(1449, 'MAISEL WEISSE', 'WHEAT (GRAN', 'WEIZE', 5.70, 1070),
(1450, 'MOY HEFE-WEISSBIER', 'WHEAT (GRAN', 'WEIZE', 5.30, 985),
(1451, 'OBERDORFER WEISSBIER', 'WHEAT (GRAN', 'WEIZE', 5.30, 1189),
(1452, 'PAULANER HEFE-WEISSBIER', 'WHEAT (GRAN', 'WEIZE', 5.40, 1133),
(1453, 'PINKUS HEFE WEIZEN', 'WHEAT (GRAN', 'WEIZE', 5.00, 1142),
(1454, 'PRINTZREGENT LUITPOLD', 'WHEAT (GRAN', 'WEIZE', 5.50, 1012),
(1455, 'SAILER WEISSE', 'WHEAT (GRAN', 'WEIZE', 5.00, 1189),
(1456, 'SANWALD HEFE', 'WHEAT (GRAN', 'WEIZE', 4.90, 864),
(1457, 'SCHLOSSWEISSE (HELLES)', 'WHEAT (GRAN', 'WEIZE', 4.80, 1204),
(1458, 'SCHNEIDER WEISSE', 'WHEAT (GRAN', 'WEIZE', 5.50, 1205),
(1459, 'SHOFFERHOFER WEIZEN', 'WHEAT (GRAN', 'WEIZE', 5.00, 1214),
(1460, 'TRIFTERN WEIZE', 'WHEAT (GRAN', 'WEIZE', 5.50, 1285),
(1461, 'UNERTL WEISSBIER', 'WHEAT (GRAN', 'WEIZE', 4.70, 1294),
(1462, 'VALENTINUS HEFE WEIZEN', 'WHEAT (GRAN', 'WEIZE', 5.50, 969),
(1463, 'WEIHENSTEPHAN', 'WHEAT (GRAN', 'WEIZE', 5.40, 1328),
(1464, 'WEISSBRAU HEFEWEIZEN', 'WHEAT (GRAN', 'WEIZE', 5.00, 778),
(1465, 'WEIZEN PREMIUM', 'WHEAT (GRAN', 'WEIZE', 5.10, 1163),
(1466, 'WEIZENLAND', 'WHEAT (GRAN', 'WEIZE', 5.10, 1011),
(1467, 'WELTENBURGER KLOSTER', 'WHEAT (GRAN', 'WEIZE', 5.10, 1329),
(1468, 'ALBA', 'WHEAT (GRAN', 'WEIZE', 4.50, 714),
(1469, 'BI-WEIZEN', 'WHEAT (GRAN', 'WEIZE', 5.00, 753),
(1470, 'CITTAVECCHIA WEIZEN', 'WHEAT (GRAN', 'WEIZE', 5.00, 821),
(1471, 'DOMM', 'WHEAT (GRAN', 'WEIZE', 5.30, 1043),
(1472, 'LA FABBRICA WEIZE', 'WHEAT (GRAN', 'WEIZE', 4.50, 1037),
(1473, 'MICA', 'WHEAT (GRAN', 'WEIZE', 4.50, 938),
(1474, 'PUSTERTALER WEIZEN', 'WHEAT (GRAN', 'WEIZE', 5.40, 1154),
(1475, 'STELVIO WEISS', 'WHEAT (GRAN', 'WEIZE', 4.50, 1247),
(1476, 'WEISS!', 'WHEAT (GRAN', 'WEIZE', 5.30, 1240),
(1477, 'APPENZELLER WEIZEN', 'WHEAT (GRAN', 'WEIZE', 5.20, 1058),
(1478, 'CALANDA WEIZEN', 'WHEAT (GRAN', 'WEIZE', 5.20, 797),
(1479, 'OFFICINA WEIZEN', 'WHEAT (GRAN', 'WEIZE', 5.20, 1110),
(1480, 'HEFEWEIZEN', 'WHEAT (GRAN', 'WEIZE', 5.00, 1245),
(1481, 'WIND & SEA', 'WHEAT (GRAN', 'WEIZE', 5.00, 1038),
(1482, 'RUPERTUS WEIZENBOCK', 'WHEAT (GRAN', 'WEIZENBOCK', 7.00, 1302),
(1483, 'ST. MARTINI WEIZENBOCK', 'WHEAT (GRAN', 'WEIZENBOCK', 5.00, 977),
(1484, 'SPECIALE', 'WHEAT (GRAN', 'WEIZENBOCK', 7.00, 1111),
(1485, 'WEIZEN HEIMER', 'WHEAT (GRAN', 'WEIZENBOCK', 9.20, 933),
(1486, 'TITANIUM WHEAT', 'WHEAT (GRAN', 'WEIZENWINE', 5.00, 1245),
(1487, 'CURIM', 'WHEAT (GRAN', NULL, 4.30, 805),
(1488, 'TALCO', 'WHEAT (GRAN', NULL, 4.20, 733),
(1489, 'CASTA TRIGUERA', 'WHEAT (GRAN', NULL, 5.40, 896),
(1490, 'CABOT STREET WHEAT', 'WHEAT (GRAN', NULL, 5.00, 1131),
(1491, 'HOCUS POCUS', 'WHEAT (GRAN', NULL, 5.00, 1067),
(1492, 'IRIS 1996', 'LAMBIC', 'BARLEY (ORZO)', 5.00, 802),
(1493, 'MORT SUBITE CASSIS', 'LAMBIC', 'CASSIS', 3.50, 843),
(1494, 'S. LOUIS CASSIS', 'LAMBIC', 'CASSIS', 5.00, 1314),
(1495, 'TIMMERMANS CASSIS', 'LAMBIC', 'CASSIS', 5.50, 1268),
(1496, 'LINDEMANS FARO LAMBIC', 'LAMBIC', 'FARO', 5.00, 1056),
(1497, 'CHAPEAU FRAISES', 'LAMBIC', 'FRAISES', 3.00, 857),
(1498, 'BECASSE FRAMBOISE', 'LAMBIC', 'FRAMBOISE', 5.20, 774),
(1499, 'BELLEVUE FRAMBOISE', 'LAMBIC', 'FRAMBOISE', 5.20, 739),
(1500, 'BOON FRAMBOISE', 'LAMBIC', 'FRAMBOISE', 5.00, 762),
(1501, 'BOON FRAMBOISE 1997', 'LAMBIC', 'FRAMBOISE', 5.00, 762),
(1502, 'CHAPEAU FRAMBOISE', 'LAMBIC', 'FRAMBOISE', 5.00, 857),
(1503, 'DE NEVE FRAMBOISE', 'LAMBIC', 'FRAMBOISE', 5.00, 847),
(1504, 'FRAMBOISE FOUDROYANTE', 'LAMBIC', 'FRAMBOISE', 5.00, 1056),
(1505, 'FRATER AMBROSIUS', 'LAMBIC', 'FRAMBOISE', 5.00, 902),
(1506, 'MORT SUBITE FRAMBOISE', 'LAMBIC', 'FRAMBOISE', 4.50, 843),
(1507, 'ROSE DE GAMBRINUS', 'LAMBIC', 'FRAMBOISE', 5.00, 802),
(1508, 'S. LOUIS FRAMBOISE', 'LAMBIC', 'FRAMBOISE', 5.00, 1314),
(1509, 'S. PIERRE FRAMBOISE', 'LAMBIC', 'FRAMBOISE', 5.20, 847),
(1510, 'VAN DER LINDEN FRAMBOZEN', 'LAMBIC', 'FRAMBOISE', 7.00, 1312),
(1511, 'VIGNERONNE', 'LAMBIC', 'GRAPE (UVA)', 5.00, 802),
(1512, '3 FONTEINEN OUDE GEUZE', 'LAMBIC', 'GUEUZE', 5.00, 680),
(1513, 'BECASSE GUEUZE', 'LAMBIC', 'GUEUZE', 5.00, 774),
(1514, 'BELLEVUE GUEUZE LAMBIC', 'LAMBIC', 'GUEUZE', 5.20, 739),
(1515, 'CANTILLON GUEUZE', 'LAMBIC', 'GUEUZE', 5.00, 802),
(1516, 'DE CAM OUDE GEUZE', 'LAMBIC', 'GUEUZE', 6.50, 839),
(1517, 'GIRARDIN GUEUZE', 'LAMBIC', 'GUEUZE', 5.00, 935),
(1518, 'MORT SUBITE GUEUZE', 'LAMBIC', 'GUEUZE', 5.00, 843),
(1519, 'S. LOUIS GUEUZE', 'LAMBIC', 'GUEUZE', 5.00, 1314),
(1520, 'VIEUX BRUGES', 'LAMBIC', 'GUEUZE', 5.00, 1314),
(1521, 'BECASSE KRIEK', 'LAMBIC', 'KRIEK', 5.20, 774),
(1522, 'BELLEVUE KRIEK LAMBIC', 'LAMBIC', 'KRIEK', 5.20, 739),
(1523, 'BOON KRIEK', 'LAMBIC', 'KRIEK', 5.00, 762),
(1524, 'CANTILLON KRIEK', 'LAMBIC', 'KRIEK', 5.00, 802),
(1525, 'GIRARDIN KRIEK', 'LAMBIC', 'KRIEK', 5.00, 935),
(1526, 'HANSSENS OUDE KRIEK', 'LAMBIC', 'KRIEK', 5.00, 961),
(1527, 'LINDEMANS KRIEK', 'LAMBIC', 'KRIEK', 6.00, 1056),
(1528, 'LOU PEPE KRIEK', 'LAMBIC', 'KRIEK', 5.00, 802),
(1529, 'MORT SUBITE KRIEK', 'LAMBIC', 'KRIEK', 5.00, 843),
(1530, 'OUD BEERSEL OUDE KRIEK', 'LAMBIC', 'KRIEK', 6.20, 1124),
(1531, 'TIMMERMANS PECHE', 'LAMBIC', 'KRIEK', 4.50, 1268),
(1532, 'CANTILLON LAMBIC', 'LAMBIC', 'LAMBIC', 5.00, 802),
(1533, 'GIRARDIN LAMBIC', 'LAMBIC', 'LAMBIC', 5.00, 935),
(1534, 'GRAND CRU BRUOCSELLA 1996', 'LAMBIC', 'LAMBIC', 5.00, 802),
(1535, 'DUIVELS', 'LAMBIC', 'LAMBIC+ALE', 5.00, 1312),
(1536, 'MORT SUBITE PECHE', 'LAMBIC', 'PECHE', 4.00, 843),
(1537, 'PECHERESSE', 'LAMBIC', 'PECHE', 3.00, 1056),
(1538, 'S. LOUIS PECHE', 'LAMBIC', 'PECHE', 5.00, 1314),
(1539, 'TIMMERMANS KRIEK', 'LAMBIC', 'PECHE', 5.50, 1268),
(1540, 'NORA', 'SPECIAL', 'ANCIENT EGYPTIAN', 7.00, 717),
(1541, 'APRICOT WEIZEN', 'SPECIAL', 'APRICOT WEIZE', 5.00, 1180),
(1542, 'PYRAMID APRICOT ALE', 'SPECIAL', 'APRICOT WEIZE', 5.00, 963),
(1543, 'BANANATAMA', 'SPECIAL', 'BANANA', 6.00, 681),
(1544, 'BRAMBLE STOUT', 'SPECIAL', 'BERRY STOUT', 5.00, 792),
(1545, 'BLUEBERRY ALE', 'SPECIAL', 'BLUEBERRY', 3.60, 920),
(1546, 'BOSBIER', 'SPECIAL', 'BLUEBERRY', 4.50, 1236),
(1547, 'BLUEBERRY', 'SPECIAL', 'BLUEBERRY', 5.00, 936),
(1548, 'MIKES SUMMERFEST', 'SPECIAL', 'BLUEBERRY WHEAT', 5.00, 1240),
(1549, 'CASSISSONA', 'SPECIAL', 'CASSIS', 6.50, 753),
(1550, 'CHOCOLATE CHERRY PORTER', 'SPECIAL', 'CHERRY PORTER', 5.00, 1303),
(1551, 'SAMUEL ADAMS CHERRY WHEAT', 'SPECIAL', 'CHERRY WHEAT', 5.00, 765),
(1552, 'LIEFMANS KRIEK', 'SPECIAL', 'CHERRY(CILIEGE)', 7.10, 1055),
(1553, 'T SCHOENLAPPERTJE', 'SPECIAL', 'CHERRY(CILIEGE)', 6.50, 1201),
(1554, 'PIETRA 7', 'SPECIAL', 'CHESTNUT (CASTAGNA)', 7.00, 1141),
(1555, 'PIETRA BIERA CORSA', 'SPECIAL', 'CHESTNUT (CASTAGNA)', 6.00, 1141),
(1556, 'PIETRA NOEL', 'SPECIAL', 'CHESTNUT (CASTAGNA)', 6.00, 1141),
(1557, 'CASTAGNASCA', 'SPECIAL', 'CHESTNUT (CASTAGNA)', 5.70, 793),
(1558, 'CASTEGNA', 'SPECIAL', 'CHESTNUT (CASTAGNA)', 5.00, 1058),
(1559, 'CAVE CREEK CHILI BEER', 'SPECIAL', 'CHILI', 4.70, 757),
(1560, 'NERKENBERRY', 'SPECIAL', 'CHOCO/BERRY', 3.00, 912),
(1561, 'KRIEK DE RANKE', 'SPECIAL', 'CILIEGE', 7.00, 849),
(1562, 'MAMA KRIEK', 'SPECIAL', 'CILIEGE', 5.80, 717),
(1563, 'SCIRESONA', 'SPECIAL', 'CILIEGE', 6.00, 753),
(1564, 'FRAOCH', 'SPECIAL', 'ERICA', 5.00, 968),
(1565, 'CERVOGIA', 'SPECIAL', 'FARRO', 7.50, 750),
(1566, 'DUCHESSA', 'SPECIAL', 'FARRO', 5.50, 751),
(1567, 'BLOEMENBIER', 'SPECIAL', 'FIORI (FLOWERS)', 7.00, 848),
(1568, 'FLEURETTE', 'SPECIAL', 'FIORI (FLOWERS)', 3.80, 753),
(1569, 'RASPBERRY WHEAT', 'SPECIAL', 'FRAGOLE', 5.00, 692),
(1570, 'LIEFMANS FRAMBOISE', 'SPECIAL', 'FRAMBOISE', 5.10, 1055),
(1571, 'RASPBERRY TART', 'SPECIAL', 'FRAMBOISE', 4.00, 1104),
(1572, 'LA TOURMENTE GENEPY', 'SPECIAL', 'GENEPY', 5.90, 941),
(1573, 'EPI NOIR', 'SPECIAL', 'GRANO SARACENO', 5.60, 825),
(1574, 'PERBACCO', 'SPECIAL', 'GRAPE (UVA)', 11.00, 717),
(1575, 'GREEN ROCKY', 'SPECIAL', 'GREEN (VERDE)', 5.00, 1100),
(1576, 'BARBAR', 'SPECIAL', 'HONEY (MIELE)', 5.00, 1049),
(1577, 'BIERE DES OURS', 'SPECIAL', 'HONEY (MIELE)', 9.00, 1033),
(1578, 'ST. MONON AU MIEL', 'SPECIAL', 'HONEY (MIELE)', 8.00, 1237),
(1579, 'WAGGLE DANCE', 'SPECIAL', 'HONEY (MIELE)', 5.00, 1349),
(1580, 'APA', 'SPECIAL', 'HONEY (MIELE)', 10.00, 1284),
(1581, 'BIERE DE TOM', 'SPECIAL', 'HONEY (MIELE)', 5.00, 1096),
(1582, 'LE SOUCHET', 'SPECIAL', 'HONEY (MIELE)', 6.00, 879),
(1583, 'APE MAIA', 'SPECIAL', 'HONEY (MIELE)', 5.00, 793),
(1584, 'TORRONA', 'SPECIAL', 'HONEY (MIELE)', 7.00, 812),
(1585, 'MONGOZO PALMNUT', 'SPECIAL', 'PALM', 7.00, 994),
(1586, 'MONGOZO QUINOA', 'SPECIAL', 'QUINOA', 5.90, 994),
(1587, 'SCHLAGL GOLDROGGEN', 'SPECIAL', 'RYE (SEGALE)', 4.90, 1250),
(1588, 'TACABANDA', 'SPECIAL', 'RYE (SEGALE)', 5.00, 753),
(1589, 'ROGGEN', 'SPECIAL', 'RYE (SEGALE)', 4.20, 722),
(1590, 'AECHT SCHENKERLA', 'SPECIAL', 'SMOKED (AFFUMICATA)', 5.00, 972),
(1591, 'AECHT SCHLENKERLA URBOCK', 'SPECIAL', 'SMOKED (AFFUMICATA)', 6.50, 972),
(1592, 'GHISA', 'SPECIAL', 'SMOKED (AFFUMICATA)', 6.00, 1043),
(1593, 'RAUCH PORTER', 'SPECIAL', 'SMOKED (AFFUMICATA)', 5.00, 1240),
(1594, 'SPLUGEN FUMEE', 'SPECIAL', 'SMOKED (AFFUMICATA)', 5.00, 1148),
(1595, 'ZAHRE AFFUMICATA', 'SPECIAL', 'SMOKED (AFFUMICATA)', 6.50, 1351),
(1596, 'SCHAFLY SMOKED PORTER', 'SPECIAL', 'SMOKED (AFFUMICATA)', 5.00, 1199),
(1597, 'SMOKED ALE', 'SPECIAL', 'SMOKED (AFFUMICATA)', 6.00, 1173),
(1598, 'SMOKED PORTER', 'SPECIAL', 'SMOKED (AFFUMICATA)', 5.90, 1251),
(1599, 'SPELTOR', 'SPECIAL', 'SPELT (FARRO)', 4.80, 1095),
(1600, 'PLANKSTETTEN DINKEL', 'SPECIAL', 'SPELT (FARRO)', 4.90, 1163),
(1601, 'GINGER TOM', 'SPECIAL', 'SPICED/HERBS', 3.90, 724),
(1602, 'MOROCCO', 'SPECIAL', 'SPICED/HERBS', 5.50, 835),
(1603, '36,15', 'SPECIAL', 'SPICED/HERBS', 5.00, 910),
(1604, 'JENLAIN BLONDE GINGEMBRE', 'SPECIAL', 'SPICED/HERBS', 5.00, 879),
(1605, 'MOULIN ROUGE', 'SPECIAL', 'SPICED/HERBS', 6.10, 910),
(1606, 'BALUBA', 'SPECIAL', 'SPICED/HERBS', 8.50, 752),
(1607, 'CINNAMON BITTER ALE', 'SPECIAL', 'SPICED/HERBS', 5.80, 753),
(1608, 'FEBBRE ALTA', 'SPECIAL', 'SPICED/HERBS', 7.80, 1287),
(1609, 'PANGAEA', 'SPECIAL', 'SPICED/HERBS', 7.00, 865),
(1610, 'RAUCHENFELS STEINBIER', 'SPECIAL', 'STONE (PIETRA)', 4.70, 1157),
(1611, 'NESSIE', 'SPECIAL', 'WHISKYMALT', 6.50, 883),
(1612, 'OLD WHISKY', 'SPECIAL', 'WHISKYMALT', 5.50, 779),
(1613, 'RAFTMAN', 'SPECIAL', 'WHISKYMALT', 5.50, 1295),
(1614, 'ADELSCOTT', 'SPECIAL', 'WHISKYMALT', 6.40, 910),
(1615, 'ADELSCOTT SCURA', 'SPECIAL', 'WHISKYMALT', 6.40, 910),
(1616, 'BRITT ROUSSE', 'SPECIAL', 'WHISKYMALT', 5.40, 785),
(1617, 'WEL SCOTCH', 'SPECIAL', 'WHISKYMALT', 5.00, 1027);

-- --------------------------------------------------------

--
-- Tabelstructuur voor tabel `brouwers`
--

CREATE TABLE `brouwers` (
  `brouwcode` int(11) NOT NULL,
  `naam` varchar(50) DEFAULT NULL,
  `land` varchar(50) DEFAULT NULL
) ENGINE=InnoDB DEFAULT CHARSET=latin1 COLLATE=latin1_swedish_ci;

--
-- Gegevens worden geëxporteerd voor tabel `brouwers`
--

INSERT INTO `brouwers` (`brouwcode`, `naam`, `land`) VALUES
(678, 'QIOFKJF', 'ENG'),
(679, '3 FLOYDS', 'USA'),
(680, '3 FONTEINEN', 'BEL'),
(681, '3 HORNEN', 'NED'),
(682, 'ABBAYE DE ROCS', 'BEL'),
(683, 'ABBAZIA ALPIRSBACH', 'GER'),
(684, 'ACHILLES', 'BEL'),
(685, 'ADAMBRAU', 'AUT'),
(686, 'ADDIS SCOPEL', 'ITA'),
(687, 'ADELSKRONEN', 'GER'),
(688, 'ADNAMS', 'ENG'),
(689, 'AFFLIGEM', 'BEL'),
(690, 'AGROCOOP. PIK-BECEJ', 'KRO'),
(691, 'ALBANI', 'DEN'),
(692, 'ALCATRAZ', 'USA'),
(693, 'ALESMITH', 'USA'),
(694, 'ALLOA', 'SCO'),
(695, 'ALPHAND', 'FRA'),
(696, 'ALTENMUNSTER', 'GER'),
(697, 'AMARCORD - SPRING', 'ITA'),
(698, 'AMSTEL', 'NED'),
(699, 'ANCHOR', 'USA'),
(700, 'ANDERSON VALLEY', 'USA'),
(701, 'ANHEUSER - BUSH', 'USA'),
(702, 'ANNOEULLIN', 'FRA'),
(703, 'ARCEN', 'NED'),
(704, 'ARCOBRAU', 'GER'),
(705, 'ARIZONA ROADHOUSE', 'USA'),
(706, 'ARTISANS BRASSEURS', 'BEL'),
(707, 'ARTOIS', 'BEL'),
(708, 'ASASHI', 'JAP'),
(709, 'ASH VINE', 'ENG'),
(710, 'ASIA PACIFIC', 'SING'),
(711, 'AUCHAN', 'BEL'),
(712, 'AUGUSTINER', 'GER'),
(713, 'AYING', 'GER'),
(714, 'BABB', 'ITA'),
(715, 'BADGER', 'ENG'),
(716, 'BAJA', 'USA'),
(717, 'BALADIN', 'ITA'),
(718, 'BALLARD', 'ENG'),
(719, 'BALLAST POINT', 'USA'),
(720, 'BALTIKA', 'POL'),
(721, 'BALTUS', 'USA'),
(722, 'BANDERSNATCH', 'USA'),
(723, 'BARCHESSA DI VILLA POLA', 'ITA'),
(724, 'BARNSLEY', 'ENG'),
(725, 'BASS', 'ENG'),
(726, 'BASS MUSEUM', 'ENG'),
(727, 'BATEMANS', 'ENG'),
(728, 'BAVARIA', 'BRA'),
(729, 'BAVARIA', 'NED'),
(730, 'BAVARIA - ST. PAULI', 'GER'),
(731, 'BAVIK', 'BEL'),
(732, 'BEAMISH', 'IRL'),
(733, 'BEBA', 'ITA'),
(734, 'BECKERS', 'GER'),
(735, 'BECKS', 'GER'),
(736, 'BELHAVEN', 'SCO'),
(737, 'BELHAVEN - MONKSCROFT', 'SCO'),
(738, 'BELHAVEN - TRAQUAIR HOUSE', 'SCO'),
(739, 'BELLEVUE', 'BEL'),
(740, 'BELLS', 'USA'),
(741, 'BENIFONTAINE', 'FRA'),
(742, 'BERGHOFF', 'USA'),
(743, 'BEXTRIM', 'GER'),
(744, 'BF&D', 'ITA'),
(745, 'BI-DU', 'ITA'),
(746, 'BIERARIA TSCHLIN', 'SUI'),
(747, 'BINDING', 'GER'),
(748, 'BIOS - VAN STEENBERGE', 'BEL'),
(749, 'BIOS (ABB CORSENDONK)', 'BEL'),
(750, 'BIRRIFICIO ARTIGIANO', 'ITA'),
(751, 'BIRRIFICIO DEL BORGO', 'ITA'),
(752, 'BIRRIFICIO DI COMO', 'ITA'),
(753, 'BIRRIFICIO ITALIANO', 'ITA'),
(754, 'BIRRIFICIO LODIGIANO', 'ITA'),
(755, 'BIRRIFICIO TORINO', 'ITA'),
(756, 'BIRTANG', 'BIR'),
(757, 'BLACK MOUNTAIN', 'USA'),
(758, 'BLACK SHEEP', 'ENG'),
(759, 'BLUE ANCHOR', 'ENG'),
(760, 'BOELENS', 'BEL'),
(761, 'BOHEMIA', 'MEX'),
(762, 'BOON', 'BEL'),
(763, 'BOON RAWD', 'THAI'),
(764, 'BOSTEELS', 'BEL'),
(765, 'BOSTON BEER CO.', 'USA'),
(766, 'BOSTON BEER CO.                   1', 'USA'),
(767, 'BR. FRANCHES-MONTAGNES', 'SUI'),
(768, 'BRAHMA', 'BRA'),
(769, 'BRAINS', 'WAL'),
(770, 'BRAKSPEAR', 'ENG'),
(771, 'BRAND', 'NED'),
(772, 'BRASSERIE DAMBLY', 'BEL'),
(773, 'BRASSERIE DE TAHITI', 'TAH'),
(774, 'BRASSERIES BRUXELLOISES', 'BEL'),
(775, 'BRASSERIES SEMEUSE', 'FRA'),
(776, 'BRAUHAUS FREIBERG', 'GER'),
(777, 'BRAUHAUS FREISTADT', 'AUT'),
(778, 'BRAUHAUS INGOLSTADT', 'GER'),
(779, 'BRAUHAUS NUSSDORF', 'AUT'),
(780, 'BRAUHAUS PFORZHEIM', 'GER'),
(781, 'BRECKENRIDGE', 'USA'),
(782, 'BREDA', 'NED'),
(783, 'BRINKHOFF', 'GER'),
(784, 'BRINKUS', 'GER'),
(785, 'BRITT', 'FRA'),
(786, 'BROOKLYN', 'USA'),
(787, 'BROUGHTON', 'SCO'),
(788, 'BRUNEHAUT', 'BEL'),
(789, 'BUCANERO', 'CUBA'),
(790, 'BUDVAR', 'CEC'),
(791, 'BURGERBRAU BAMBERG', 'GER'),
(792, 'BURTON BRIDGE', 'ENG'),
(793, 'BUSALLA', 'ITA'),
(794, 'BUTCOMBE', 'ENG'),
(795, 'C. SCHMIDT', 'USA'),
(796, 'CAFFREY', 'IRL'),
(797, 'CALANDA', 'SUI'),
(798, 'CALEDONIAN', 'ENG'),
(799, 'CALEDONIAN', 'SCO'),
(800, 'CALVER', 'ENG'),
(801, 'CANARDOU', 'FRA'),
(802, 'CANTILLON', 'BEL'),
(803, 'CARDINAL', 'SUI'),
(804, 'CARLING', 'CAN'),
(805, 'CARLOW', 'IRL'),
(806, 'CARLSBERG', 'DEN'),
(807, 'CARLSBERG - PORETTI', 'DEN'),
(808, 'CASTELLO DI UDINE', 'ITA'),
(809, 'CASTLEMAINE', 'AUS'),
(810, 'CELIS', 'USA'),
(811, 'CENTRAL DE CERVEJAS', 'POR'),
(812, 'CENTRALE DELLA BIRRA', 'ITA'),
(813, 'CERES', 'DEN'),
(814, 'CERV. NATIONAL DOMINICANA', 'DOM'),
(815, 'CERVECERIA HONDURENA', 'HON'),
(816, 'CERVESUR', 'PERU'),
(817, 'CERVISIA', 'ITA'),
(818, 'CEYLON', 'SHK'),
(819, 'CHARLES WELLS', 'ENG'),
(820, 'CIMES', 'FRA'),
(821, 'CITTAVECCHIA', 'ITA'),
(822, 'CNUDDE', 'BEL'),
(823, 'COBRA', 'INDIA'),
(824, 'COMMONWEALTH NY', 'USA'),
(825, 'COMPAGNIE DES 3 EPIS', 'FRA'),
(826, 'CONISTON', 'ENG'),
(827, 'COOP', 'SUI'),
(828, 'COREFF', 'FRA'),
(829, 'CORNISH', 'ENG'),
(830, 'CORONADO', 'USA'),
(831, 'COTLEIGH', 'ENG'),
(832, 'COURAGE', 'ENG'),
(833, 'CREST', 'ENG'),
(834, 'CROMBE', 'BEL'),
(835, 'DALESIDE', 'ENG'),
(836, 'DAMM', 'SPA'),
(837, 'DE BIE', 'BEL'),
(838, 'DE BLOCK', 'BEL'),
(839, 'DE CAM', 'BEL'),
(840, 'DE DOLLE BROUWERS', 'BEL'),
(841, 'DE GOUDEN BOOM', 'BEL'),
(842, 'DE HOPDUVEL', 'BEL'),
(843, 'DE KEERSMAEKER', 'BEL'),
(844, 'DE KIKVORSCH', 'NED'),
(845, 'DE KLUIS', 'BEL'),
(846, 'DE KONINK', 'BEL'),
(847, 'DE NEVE', 'BEL'),
(848, 'DE PROEF', 'BEL'),
(849, 'DE RANKE', 'BEL'),
(850, 'DE RIDDER', 'NED'),
(851, 'DE SMEDT', 'BEL'),
(852, 'DE SMEDT - CELIS', 'USA'),
(853, 'DE SMEDT (ABB AFFLIGEM)', 'BEL'),
(854, 'DE SMEDT (ABB DAULNE)', 'BEL'),
(855, 'DE SMEDT (ABB DE BROGNE)', 'BEL'),
(856, 'DE SNOECK - STRUBBE', 'BEL'),
(857, 'DE TROCH', 'BEL'),
(858, 'DEININGER KRONENBRAU', 'GER'),
(859, 'DESCHUTES', 'USA'),
(860, 'DEVENISH', 'ENG'),
(861, 'DEVENISH                          1', 'ENG'),
(862, 'DIEBELS', 'GER'),
(863, 'DINCKEL ACKER', 'GER'),
(864, 'DINKELACKER', 'GER'),
(865, 'DOGFISH HEAD', 'USA'),
(866, 'DOGFISH HEAD                      1', 'USA'),
(867, 'DOOL', 'BEL'),
(868, 'DOPPO', 'JAP'),
(869, 'DORTMUNDER ACTIEN BRAUREI', 'GER'),
(870, 'DORTMUNDER KRONEN', 'GER'),
(871, 'DORTMUNDER UNION BRAUREI', 'GER'),
(872, 'DREHER', 'ITA'),
(873, 'DRYBOROUGH', 'SCO'),
(874, 'DU BOCQ', 'BEL'),
(875, 'DU BOCQ (ABB CORSENDONK)', 'BEL'),
(876, 'DUBLIN', 'IRL'),
(877, 'DUBUISSON', 'BEL'),
(878, 'DUPONT', 'BEL'),
(879, 'DUYCK', 'FRA'),
(880, 'ECAUSSINNES', 'BEL'),
(881, 'EDER', 'GER'),
(882, 'EDWIN CHESIRE', 'SCO'),
(883, 'EGGENBERGER', 'AUT'),
(884, 'EGGENBERGER', 'SUI'),
(885, 'EGIS', 'ISL'),
(886, 'EICHBAUM', 'GER'),
(887, 'EICHOF', 'SUI'),
(888, 'EINBECKER', 'GER'),
(889, 'ELGOODS', 'ENG'),
(890, 'ELLEZELLOISE', 'BEL'),
(891, 'ELRIDGE POPE', 'ENG'),
(892, 'ENFANTS DE GAYANT', 'FRA'),
(893, 'ENGEL', 'GER'),
(894, 'ERDINGER WEISSBRAU', 'GER'),
(895, 'ERSTE KULMBACHER ACTIENB.', 'GER'),
(896, 'ESPECIALIDADES CERVECERAS', 'MEX'),
(897, 'EULER', 'GER'),
(898, 'EVANS', 'USA'),
(899, 'EVERARDS', 'ENG'),
(900, 'EXMOOR', 'ENG'),
(901, 'EX-WITHBREAD', 'ENG'),
(902, 'EYLENBOSCH', 'BEL'),
(903, 'FALKEN', 'SWE'),
(904, 'FANTOME', 'BEL'),
(905, 'FARSONS', 'MALTA'),
(906, 'FAXE', 'DEN'),
(907, 'FELDSCHLOSSCHEN', 'GER'),
(908, 'FIRKIN', 'ENG'),
(909, 'FIRKIN', 'FRA'),
(910, 'FISCHER - ADELSHOFFEN', 'FRA'),
(911, 'FLAGSHIP', 'ENG'),
(912, 'FLORISGAARDEN', 'BEL'),
(913, 'FLYING DOG', 'USA'),
(914, 'FLYING FISH', 'USA'),
(915, 'FOHRENBURGER', 'AUT'),
(916, 'FORST', 'ITA'),
(917, 'FOSTERS - COURAGE', 'AUS'),
(918, 'FOUR PEAKS', 'USA'),
(919, 'FRANKEN', 'GER'),
(920, 'FREEDOM', 'ENG'),
(921, 'FREEMINER', 'ENG'),
(922, 'FRIART', 'BEL'),
(923, 'FRUHS', 'GER'),
(924, 'FULLERS', 'ENG'),
(925, 'FURSTENBERG', 'GER'),
(926, 'GAFFEL', 'GER'),
(927, 'GALES', 'ENG'),
(928, 'GAMBRINUS', 'GER'),
(929, 'GARDE', 'GER'),
(930, 'GATZWEILER', 'GER'),
(931, 'GBP', 'ITA'),
(932, 'GEARY', 'USA'),
(933, 'GENERAL LAFAYETTE', 'USA'),
(934, 'GIBBS MEW', 'ENG'),
(935, 'GIRARDIN', 'BEL'),
(936, 'GOOSE ISLAND', 'USA'),
(937, 'GORDON BIERSCH', 'USA'),
(938, 'GRADO PLATO', 'ITA'),
(939, 'GRAND UNION', 'ENG'),
(940, 'GRANDE BRASSERIE MODERNE', 'FRA'),
(941, 'GRANDS COLS', 'FRA'),
(942, 'GREENALL WHITLEY', 'ENG'),
(943, 'GREENE KING', 'ENG'),
(944, 'GRIESKIRCHNER', 'AUT'),
(945, 'GROLSCH', 'NED'),
(946, 'GUINNESS', 'IRL'),
(947, 'GUINNESS- SAPPORO', 'JAP'),
(948, 'GULPEN - ZWARTE RUITER', 'NED'),
(949, 'GULPENER', 'BEL'),
(950, 'H. WEST', 'NED'),
(951, 'HAACHT', 'BEL'),
(952, 'HAARLEMS', 'NED'),
(953, 'HABERECKL', 'GER'),
(954, 'HACKER-PSCHORR', 'GER'),
(955, 'HALL & WOODHOUSE', 'ENG'),
(956, 'HAMPSHIRE', 'ENG'),
(957, 'HANNEN', 'GER'),
(958, 'HANS HOPF', 'GER'),
(959, 'HANSA', 'GER'),
(960, 'HANSA', 'NOR'),
(961, 'HANSSENS', 'BEL'),
(962, 'HARBOE', 'DEN'),
(963, 'HART', 'USA'),
(964, 'HARVEYS', 'ENG'),
(965, 'HARVIESTOUN', 'SCO'),
(966, 'HASEN', 'GER'),
(967, 'HEARTLAND', 'USA'),
(968, 'HEATHER ALE', 'SCO'),
(969, 'HEIDELBERGER SCHLOSSQUELL', 'GER'),
(970, 'HEINEKEN', 'ITA'),
(971, 'HEINEKEN', 'NED'),
(972, 'HELLER', 'GER'),
(973, 'HENNINGER - SIB', 'GER'),
(974, 'HERBERT WERNER', 'GER'),
(975, 'HERFORDER', 'GER'),
(976, 'HERREHHAUSER', 'GER'),
(977, 'HERRNBRAU', 'GER'),
(978, 'HET ANKER', 'BEL'),
(979, 'HGI', 'GER'),
(980, 'HIGHGATE', 'ENG'),
(981, 'HIJOS DE RIVERA', 'SPA'),
(982, 'HILDEN', 'NIRL'),
(983, 'HIRTER', 'AUT'),
(984, 'HOFBRAUHAUS', 'GER'),
(985, 'HOFBRAUHAUS FREISING', 'GER'),
(986, 'HOFMARK', 'GER'),
(987, 'HOFSTETTEN', 'AUT'),
(988, 'HOLSTEN', 'GER'),
(989, 'HOOK NORTON', 'ENG'),
(990, 'HOP BACK', 'ENG'),
(991, 'HOSL', 'GER'),
(992, 'HOUGARDEN ARTOIS', 'BEL'),
(993, 'HURLIMANN', 'SUI'),
(994, 'HUYGHE - ARTEVELDE', 'BEL'),
(995, 'I.N.P.', 'ITA'),
(996, 'ICHNUSA', 'ITA'),
(997, 'IJ', 'NED'),
(998, 'IND COOPE', 'ENG'),
(999, 'INVERALMOND', 'SCO'),
(1000, 'IRLBACHER', 'GER'),
(1001, 'JAHNS', 'GER'),
(1002, 'JEANNE DARC', 'FRA'),
(1003, 'JEANNE DARC                      1', 'FRA'),
(1004, 'JOHN MARTIN', 'ENG'),
(1005, 'JOHN MARTIN', 'SCO'),
(1006, 'JOHN SMITHS', 'ENG'),
(1007, 'JOSEPH SIGL', 'AUT'),
(1008, 'JUPILER', 'BEL'),
(1009, 'KADEWE', 'GER'),
(1010, 'KAISERBRAU', 'GER'),
(1011, 'KAISERDOM', 'GER'),
(1012, 'KALTENBERG', 'GER'),
(1013, 'KALTENHAUSEN', 'AUT'),
(1014, 'KANTERBRAU', 'FRA'),
(1015, 'KARLSBRAU', 'GER'),
(1016, 'KENYA', 'KEN'),
(1017, 'KINDL', 'GER'),
(1018, 'KING & BARNES', 'ENG'),
(1019, 'KIRIN', 'JAP'),
(1020, 'KITZMANN', 'GER'),
(1021, 'KLOSTERBRAUEREI ANDECHS', 'GER'),
(1022, 'KNEITING', 'GER'),
(1023, 'KOEPFF - ABB. WEINGARTEN', 'GER'),
(1024, 'KOMPANIA PIWOWARSKA', 'POL'),
(1025, 'KONA', 'USA'),
(1026, 'KONIG', 'GER'),
(1027, 'KRONENBOURG', 'FRA'),
(1028, 'KULMBACHER SCHWEIZERHOF', 'GER'),
(1029, 'KUNSTHUIS', 'BEL'),
(1030, 'KUPPERS', 'GER'),
(1031, 'KUR', 'GER'),
(1032, 'KYOTO', 'JAP'),
(1033, 'LA BINCHOISE', 'BEL'),
(1034, 'LA CHOUFFE', 'BEL'),
(1035, 'LA CHOULETTE', 'FRA'),
(1036, 'LA CORNUE', 'FRA'),
(1037, 'LA FABBRICA', 'ITA'),
(1038, 'LA JOLLA', 'USA'),
(1039, 'LA TRAPPE', 'BEL'),
(1040, 'LA ZARAGOZANA', 'SPA'),
(1041, 'LABATT - MORETTI', 'CAN'),
(1042, 'LAGUNITAS', 'USA'),
(1043, 'LAMBRATE', 'ITA'),
(1044, 'LANCELOT', 'FRA'),
(1045, 'LAPIN KULTA', 'FIN'),
(1046, 'LASKO', 'SLO'),
(1047, 'LAUVAUX', 'BEL'),
(1048, 'LEES', 'ENG'),
(1049, 'LEFEBVRE', 'BEL'),
(1050, 'LEFEBVRE (ABB BONNE ESP.)', 'BEL'),
(1051, 'LEFEBVRE (ABB FLOREFFE)', 'BEL'),
(1052, 'LEFT COAST', 'USA'),
(1053, 'LEFT HAND', 'USA'),
(1054, 'LIDL', 'GER'),
(1055, 'LIEFMANS', 'BEL'),
(1056, 'LINDEMANS', 'BEL'),
(1057, 'LINDEN', 'GER'),
(1058, 'LOCHER', 'SUI'),
(1059, 'LOCKWOODS', 'ITA'),
(1060, 'LOSCHER', 'GER'),
(1061, 'LOUWAEGE', 'BEL'),
(1062, 'LOWENBRAU', 'GER'),
(1063, 'M. BROWN', 'ENG'),
(1064, 'M.S. GUIBERT - INTERBREW', 'BEL'),
(1065, 'MACLAY', 'SCO'),
(1066, 'MAES', 'BEL'),
(1067, 'MAGIC HAT', 'USA'),
(1068, 'MAGNOLIA', 'USA'),
(1069, 'MAHRS', 'GER'),
(1070, 'MAISEL', 'GER'),
(1071, 'MALZMUHLE', 'GER'),
(1072, 'MANNSFIELD', 'ENG'),
(1073, 'MARQUIS DE BOSH', 'NED'),
(1074, 'MARSTONS', 'ENG'),
(1075, 'MARTENS', 'BEL'),
(1076, 'MATT', 'USA'),
(1077, 'MATTHEW BROWN', 'ENG'),
(1078, 'MAXIMILIAAN', 'NED'),
(1079, 'MC GUIRES', 'USA'),
(1080, 'MC MULLEN', 'ENG'),
(1081, 'MENABREA', 'ITA'),
(1082, 'MENDOCINO', 'USA'),
(1083, 'METEOR', 'FRA'),
(1084, 'MIBRANA', 'BEL'),
(1085, 'MILLER', 'USA'),
(1086, 'MOCTEZUMA', 'MEX'),
(1087, 'MODELO', 'MEX'),
(1088, 'MONT BLANC', 'FRA'),
(1089, 'MONTEGIOCO', 'ITA'),
(1090, 'MOORTGAT', 'BEL'),
(1091, 'MOORTGAT (ABB MAREDSOUS)', 'BEL'),
(1092, 'MORDUE', 'ENG'),
(1093, 'MORETTI', 'ITA'),
(1094, 'MORLAND', 'ENG'),
(1095, 'MOULIN DES MOINES', 'FRA'),
(1096, 'MOUSTIER-ST-MARIE', 'FRA'),
(1097, 'MURPHY - DREHER', 'IRL'),
(1098, 'MUTZIG', 'FRA'),
(1099, 'N.V. DECA', 'BEL'),
(1100, 'NEPTUN', 'DEN'),
(1101, 'NEPTUNE', 'USA'),
(1102, 'NETHERGATE', 'ENG'),
(1103, 'NEW BELGIUM', 'USA'),
(1104, 'NEW GLARUS', 'USA'),
(1105, 'NIAGARA FALLS', 'CAN'),
(1106, 'NORTH COAST', 'USA'),
(1107, 'OHANLONS', 'ENG'),
(1108, 'OAKHAM', 'ENG'),
(1109, 'OFFICINA DELLA BIRRA - BOGGIO', 'ITA'),
(1110, 'OFFICINA DELLA BIRRA - BOGGIO', 'SUI'),
(1111, 'OFFICINA DELLA BIRRA - BRESSO', 'ITA'),
(1112, 'OLD COLUMBIA', 'USA'),
(1113, 'OLD WEST', 'USA'),
(1114, 'OLPP', 'GER'),
(1115, 'OLYMPIA', 'USA'),
(1116, 'OMMEGANG', 'USA'),
(1117, 'ORANGE', 'ENG'),
(1118, 'ORANJEBOOM', 'NED'),
(1119, 'ORKNEY', 'SCO'),
(1120, 'OSTERR. BRAU AG', 'AUT'),
(1121, 'OTTAKRINGER', 'AUT'),
(1122, 'OTTER CREEK', 'ENG'),
(1123, 'OTTER CREEK', 'USA'),
(1124, 'OUD BEERSEL', 'BEL'),
(1125, 'PABST', 'USA'),
(1126, 'PAELEMAN', 'BEL'),
(1127, 'PAFFGEN', 'GER'),
(1128, 'PAINE', 'ENG'),
(1129, 'PALM', 'BEL'),
(1130, 'PALMBRAU ZORN', 'GER'),
(1131, 'PAPER CITY', 'USA'),
(1132, 'PATRIZIER', 'GER'),
(1133, 'PAULANER THOMASBRAU', 'GER'),
(1134, 'PELFORTH', 'FRA'),
(1135, 'PELICAN', 'USA'),
(1136, 'PEOPLES PINT', 'IRL'),
(1137, 'PEOPLES PINT', 'USA'),
(1138, 'PERNSTEJN', 'CEC'),
(1139, 'PERONI', 'ITA'),
(1140, 'PETES', 'USA'),
(1141, 'PIETRA', 'FRA'),
(1142, 'PINKUS MULLER', 'GER'),
(1143, 'PITFIELD', 'ENG'),
(1144, 'PIVA ISOKOVA - NIKSIC', 'KRO'),
(1145, 'PIVARA APATIN', 'KRO'),
(1146, 'PLZN (PILSEN)', 'CEC'),
(1147, 'POLSTER - MENABREA', 'GER'),
(1148, 'PORETTI', 'ITA'),
(1149, 'PORTERHOUSE', 'IRL'),
(1150, 'PORTLAND', 'USA'),
(1151, 'POSTHORN', 'NED'),
(1152, 'PRINZ', 'ITA'),
(1153, 'PUNTIGAM', 'AUT'),
(1154, 'PUSTERTALER', 'ITA'),
(1155, 'PYRAMID', 'USA'),
(1156, 'RADERMACHER', 'BEL'),
(1157, 'RAUCHENFELS', 'GER'),
(1158, 'RCH', 'ENG'),
(1159, 'REDHOOK', 'USA'),
(1160, 'REGENTEN', 'GER'),
(1161, 'REICHELBRAU', 'GER'),
(1162, 'RIDLEY', 'ENG'),
(1163, 'RIEDENBURGER', 'GER'),
(1164, 'RIEGELE', 'GER'),
(1165, 'RINGNES', 'NOR'),
(1166, 'RINGWOOD', 'ENG'),
(1167, 'RITTER', 'GER'),
(1168, 'RIVA', 'BEL'),
(1169, 'ROBINSONS', 'ENG'),
(1170, 'ROCHEFORTOISE', 'BEL'),
(1171, 'ROCK BOTTOM', 'USA'),
(1172, 'RODENBACH', 'BEL'),
(1173, 'ROGUE', 'USA'),
(1174, 'ROHRLBRAU', 'GER'),
(1175, 'ROMAN', 'BEL'),
(1176, 'ROOSTER', 'ENG'),
(1177, 'ROSEN', 'GER'),
(1178, 'ROSENBRAUREI', 'GER'),
(1179, 'ROTHAUS', 'GER'),
(1180, 'ROUTE 66', 'USA'),
(1181, 'RUDDLE', 'ENG'),
(1182, 'RULLES', 'BEL'),
(1183, 'S. BERNARDUS', 'BEL'),
(1184, 'S. LEONARD', 'FRA'),
(1185, 'S. MICHAEL', 'NOR'),
(1186, 'S. MIGUEL ESPANA', 'FIL'),
(1187, 'S. SYLVESTRE', 'FRA'),
(1188, 'SAARFURST', 'GER'),
(1189, 'SAILERBRAU', 'GER'),
(1190, 'SAINT OMER', 'FRA'),
(1191, 'SAMUEL SMITH', 'ENG'),
(1192, 'SANDLER', 'GER'),
(1193, 'SANE', 'ITA'),
(1194, 'SAPPORO', 'JAP'),
(1195, 'SARAH HUGHES', 'ENG'),
(1196, 'SBA', 'FRA'),
(1197, 'SCARAMPOLA', 'ITA'),
(1198, 'SCHAFF', 'GER'),
(1199, 'SCHAFLY', 'USA'),
(1200, 'SCHARTNER', 'AUT'),
(1201, 'SCHELDEBROUWERIJ', 'NED'),
(1202, 'SCHLOSS KALTENBERG', 'GER'),
(1203, 'SCHLOSS STARKENBERG', 'AUT'),
(1204, 'SCHLOSSB. SOLDENAU', 'GER'),
(1205, 'SCHNEIDER', 'GER'),
(1206, 'SCHWABEN', 'GER'),
(1207, 'SCOTTISH & NEWCASTLE', 'ENG'),
(1208, 'SCOTTISH & NEWCASTLE', 'SCO'),
(1209, 'SEVRES', 'FRA'),
(1210, 'SHANGAI BREWERIES', 'CINA'),
(1211, 'SHARP', 'ENG'),
(1212, 'SHEPHERD NEAME', 'ENG'),
(1213, 'SHERDEL HOF', 'GER'),
(1214, 'SHOFFERHOFER', 'GER'),
(1215, 'SIERRA NEVADA', 'USA'),
(1216, 'SILENRIEUX', 'BEL'),
(1217, 'SILLY', 'BEL'),
(1218, 'SIMMERBERG', 'GER'),
(1219, 'SINEBRYCHOFF', 'FIN'),
(1220, 'SION', 'GER'),
(1221, 'SKINNERS', 'ENG'),
(1222, 'SKOL', 'NED'),
(1223, 'SLAGHMUYLDER', 'BEL'),
(1224, 'SMILES', 'ENG'),
(1225, 'SMITHWICKS', 'IRL'),
(1226, 'SOLANA', 'USA'),
(1227, 'SONORA', 'USA'),
(1228, 'SORA LAMA', 'ITA'),
(1229, 'SPATEN', 'GER'),
(1230, 'SPENDRUPS', 'SWE'),
(1231, 'SQUATTERS', 'USA'),
(1232, 'ST. AMAND', 'FRA'),
(1233, 'ST. AUSTELL', 'ENG'),
(1234, 'ST. CHRISTOFFEL', 'NED'),
(1235, 'ST. JOHANNES BRAU', 'ITA'),
(1236, 'ST. JOZEF', 'NED'),
(1237, 'ST. MONON', 'BEL'),
(1238, 'ST. PETERS', 'ENG'),
(1239, 'STANGLBRAU', 'GER'),
(1240, 'STARBESS - ROME', 'ITA'),
(1241, 'STARBESS - ROME                   1', 'ITA'),
(1242, 'STAROBNO', 'CEC'),
(1243, 'STAROPRAMEN', 'CEC'),
(1244, 'STAUDER', 'GER'),
(1245, 'STEELHEAD', 'USA'),
(1246, 'STEIRERBRAU', 'AUT'),
(1247, 'STELVIO', 'ITA'),
(1248, 'STERKENS', 'BEL'),
(1249, 'STIEGL', 'AUT'),
(1250, 'STIFTSBRAUEREI SCHLAGL', 'AUT'),
(1251, 'STONE', 'USA'),
(1252, 'STONES', 'ENG'),
(1253, 'STRAFFE HENDRIJK', 'BEL'),
(1254, 'STRANGEWAYS', 'ENG'),
(1255, 'STROH', 'USA'),
(1256, 'SWIJNKELS', 'NED'),
(1257, 'TEIGNWORTHY', 'ENG'),
(1258, 'TEMPO', 'ISR'),
(1259, 'TENNENTS CALEDONIAN', 'SCO'),
(1260, 'TETLEY', 'ENG'),
(1261, 'THE COOPERS  YARD PUB', 'ITA'),
(1262, 'THE FROG & ROSBIF PUB', 'FRA'),
(1263, 'THE ROSE STREET BREWERY', 'SCO'),
(1264, 'THEAKSTON', 'ENG'),
(1265, 'THERESIANER', 'ITA'),
(1266, 'THIRSTY BEAR', 'USA'),
(1267, 'THURN UND TAXIS', 'GER'),
(1268, 'TIMMERMANS', 'BEL'),
(1269, 'TIMOTHY TAYLOR', 'ENG'),
(1270, 'TINIMA CAMAGUEY', 'CUBA'),
(1271, 'TITANIC', 'ENG'),
(1272, 'TOMLINSONS', 'ENG'),
(1273, 'TORRECHIARA', 'ITA'),
(1274, 'TRAPPIST ABB. ACHEL', 'BEL'),
(1275, 'TRAPPIST ABB. DE SCOURMONT', 'BEL'),
(1276, 'TRAPPIST ABB. KOENIGHOEVE', 'NED'),
(1277, 'TRAPPIST ABB. KOENIGHOEVEN', 'NED'),
(1278, 'TRAPPIST ABB. ORVAL', 'BEL'),
(1279, 'TRAPPIST ABB. ROCHEFORT', 'BEL'),
(1280, 'TRAPPIST ABB. WESTMALLE', 'BEL'),
(1281, 'TRAPPIST ABB. WESTVLETEREN', 'BEL'),
(1282, 'TRAQUAIR HOUSE', 'SCO'),
(1283, 'TRENT - S.GEMINIANO', 'ENG'),
(1284, 'TRIBBIERA', 'FRA'),
(1285, 'TRIFTERN BAUER', 'GER'),
(1286, 'TRIPLE F', 'ENG'),
(1287, 'TROLL', 'ITA'),
(1288, 'TRUMANS', 'ENG'),
(1289, 'TSINGTAO', 'CINA'),
(1290, 'TUBORG', 'DEN'),
(1291, 'TUBORG - PORETTI', 'DEN'),
(1292, 'TUCHER', 'GER'),
(1293, 'UERIGE', 'GER'),
(1294, 'UNERTL', 'GER'),
(1295, 'UNIBROUE', 'CAN'),
(1296, 'UNIBROUE', 'FRA'),
(1297, 'UNICER', 'POR'),
(1298, 'UNION', 'BEL'),
(1299, 'UNION', 'SLO'),
(1300, 'UNION DE BRASSERIES', 'FRA'),
(1301, 'UNITED BREWERIES', 'INDIA'),
(1302, 'UNSER BURGERBRAU', 'GER'),
(1303, 'UPTOWN SCOTTSDALE', 'USA'),
(1304, 'URBAN', 'DEN'),
(1305, 'USHERS', 'ENG'),
(1306, 'UTRECHTSE', 'NED'),
(1307, 'VAL DE SAMBRE', 'BEL'),
(1308, 'VAL-DIEU', 'BEL'),
(1309, 'VALHALLA', 'SCO'),
(1310, 'VALLEY BEER', 'ITA'),
(1311, 'VAN DE BOSSCHE', 'BEL'),
(1312, 'VAN DER LINDEN', 'BEL'),
(1313, 'VAN EECKE', 'BEL'),
(1314, 'VAN HONSEBROUCK', 'BEL'),
(1315, 'VAN STEENBERGE', 'BEL'),
(1316, 'VAPEUR', 'BEL'),
(1317, 'VECCHIO BIRRAIO', 'ITA'),
(1318, 'VECCHIO CALABRESE', 'ITA'),
(1319, 'VELTINS', 'GER'),
(1320, 'VER. KARTNER VILLACH', 'AUT'),
(1321, 'VERHAEGHE', 'BEL'),
(1322, 'VES GLT COMBINAT', 'GER'),
(1323, 'VICTORY', 'USA'),
(1324, 'WADWORTH', 'ENG'),
(1325, 'WARSTEINER', 'GER'),
(1326, 'WATNEY', 'ENG'),
(1327, 'WEBSTER', 'ENG'),
(1328, 'WEIHENSTEPHAN', 'GER'),
(1329, 'WELTENBURG', 'GER'),
(1330, 'WELTON DORKINGS', 'ENG'),
(1331, 'WEYERBACHER', 'USA'),
(1332, 'WHITBREAD', 'ENG'),
(1333, 'WIBROE', 'DEN'),
(1334, 'WIENINGER', 'GER'),
(1335, 'WJ KING', 'ENG'),
(1336, 'WOLF', 'ENG'),
(1337, 'WOLTERS', 'GER'),
(1338, 'WOLVERHAMPTON & DUDLEY', 'ENG'),
(1339, 'WOODFORDES', 'ENG'),
(1340, 'WUHRER', 'ITA'),
(1341, 'WUNSTER', 'ITA'),
(1342, 'WURZBURGER HOFBRAU', 'GER'),
(1343, 'WYCHWOOD', 'ENG'),
(1344, 'WYE VALLEY', 'ENG'),
(1345, 'XXX', 'USA'),
(1346, 'XXX', 'INDIA'),
(1347, 'YACHIYO', 'JAP'),
(1348, 'YAKIMA', 'USA'),
(1349, 'YOUNGS', 'ENG'),
(1350, 'ZAGREBACKE', 'KRO'),
(1351, 'ZAHRE SAURIS', 'ITA'),
(1352, 'ZHEJIANG QIANJIANG', 'CINA'),
(1353, 'ZHIGULI', 'URSS'),
(1354, 'ZYVIEC', 'POL');

-- --------------------------------------------------------

--
-- Tabelstructuur voor tabel `kroeg`
--

CREATE TABLE `kroeg` (
  `kroegcode` int(5) NOT NULL,
  `naam` varchar(255) DEFAULT NULL,
  `adres` varchar(255) DEFAULT NULL,
  `plaats` varchar(255) DEFAULT NULL
) ENGINE=InnoDB DEFAULT CHARSET=latin1 COLLATE=latin1_swedish_ci;

--
-- Gegevens worden geëxporteerd voor tabel `kroeg`
--

INSERT INTO `kroeg` (`kroegcode`, `naam`, `adres`, `plaats`) VALUES
(1, 'IN DE ZOTTE WILG', 'UITERWG 27 -A', 'AALSMEER'),
(2, 'BORDEAUX', 'GROTE MARKT 75', 'ALMERE'),
(3, 'PANNENKOEKENBOOT', 'SLUISKADE 3', 'ALMERE'),
(4, 'QUERELLE SWING CAFE', 'JULIANASTR 32', 'ALPHEN AD RYN'),
(5, 'FILMHUIS', 'GROENMARKT 8', 'AMERSFOORT'),
(6, 'VAN ZANTEN', 'BLOEMENDALSESTR. 2', 'AMERSFOORT'),
(7, 'AFFOURTIT', 'KONINGINNEWG 209', 'AMSTERDAM'),
(8, 'BLIJBURG AAN ZEE', 'YBURG 99999 -ONG', 'AMSTERDAM'),
(9, 'CASABLANCA', 'ZEEDK 26', 'AMSTERDAM'),
(10, 'CHOC0LATE BAR', '1E VD HELSTSTR 62 -A', 'AMSTERDAM'),
(11, 'DE DAMPKRING', 'HANDBOOGSTR 29', 'AMSTERDAM'),
(12, 'DE DUVEL', '1E VD HELSTSTR 59 -61', 'AMSTERDAM'),
(13, 'DE FONTEYN', 'NIEUWMARKT 13 -15', 'AMSTERDAM'),
(14, 'DE GROENE VLINDER', '1E VD HELSTSTR/A CUYPSTR 130 56', 'AMSTERDAM'),
(15, 'DE SLUYSWACHT', 'JODENBREESTR 1', 'AMSTERDAM'),
(16, 'DE STAALMEESTERS', 'KLOVENIERSBURGWAL 127 -HS', 'AMSTERDAM'),
(17, 'DE TOOG', 'N BEETSSTR 142', 'AMSTERDAM'),
(18, 'DE VERGULDE GAPER', 'PRINSENSTR 30', 'AMSTERDAM'),
(19, 'FESTINA LENTE', 'LOOIERSGR 40 -B', 'AMSTERDAM'),
(20, 'HAARLEMS KOFFIEHUIS', 'PR HENDRIKKD 36', 'AMSTERDAM'),
(21, 'HERENGRACHT', 'HERENGR 435', 'AMSTERDAM'),
(22, 'HERMES', 'ORLYPLN 150', 'AMSTERDAM'),
(23, 'HET BLAAUWHOOFT', 'H JONKERPLN 1', 'AMSTERDAM'),
(24, 'HET PAKHUIS', 'VOETBOOGSTR 10 -12', 'AMSTERDAM'),
(25, 'HILL STREET BLUES', 'WARMOESSTR 52', 'AMSTERDAM'),
(26, 'KATOEN', 'OUDE TURFMARKT 153', 'AMSTERDAM'),
(27, 'KRITERION THEATER', 'ROETERSSTR 170', 'AMSTERDAM'),
(28, 'LUXEMBOURG', 'SPUI 22 -24', 'AMSTERDAM'),
(29, 'MULLIGAN S', 'AMSTEL (HK) 100', 'AMSTERDAM'),
(30, 'O REILLY S', 'PALEISSTR 103 -105', 'AMSTERDAM'),
(31, 'POCO LOCO', 'NIEUWMARKT 24', 'AMSTERDAM'),
(32, 'PUFFELEN', 'PRINSENGR 375 -377', 'AMSTERDAM'),
(33, 'SPANJER & VAN TWIST', 'LELIEGR 60', 'AMSTERDAM'),
(34, 'T MOLENPAD', 'PRINSENGR 653', 'AMSTERDAM'),
(35, 'TABAC', 'BROUWERSGR 101', 'AMSTERDAM'),
(36, 'TER BRUGGE', 'OVERTOOM 578', 'AMSTERDAM'),
(37, 'TETRA', 'NIEUWEZ VOORBURGW 89', 'AMSTERDAM'),
(38, 'THE GETAWAY', 'NIEUWEZ VOORBURGW 250', 'AMSTERDAM'),
(39, 'WESTERGAS TERRAS', 'KLONNEPLN 2', 'AMSTERDAM'),
(40, 'WILDSCHUT', 'R HARTPLN 1 -5', 'AMSTERDAM'),
(41, 'BLUESCAFE', 'NIEUWSTR 74 -A', 'APELDOORN'),
(42, 'HEEMSKERK', 'MUSSCHENBROEKSTR 25', 'APELDOORN'),
(43, 'BAR MENEER JANSEN', 'WIJKSTRAAT 47', 'APPINGEDAM'),
(44, 'JOEY BAR', 'DIJKSTRAAT 4', 'APPINGEDAM'),
(45, 'ALT ARCE', 'RAADHUISPLN 16', 'ARCEN'),
(46, 'JAN VAN HOEK', 'MARKT 12', 'ASTEN'),
(47, 'T SPEKTAKEL', 'PR BERNHARDSTR 44 -46', 'ASTEN'),
(48, 'DE LINDEBOOM', 'STATIONSSTR 9 11', 'BAARLE NASSAU'),
(49, 'HERTOG JAN', 'SINGEL 18', 'BAARLE NASSAU'),
(50, 'DE KERKBRINK', 'DE BRINK 12', 'BAARN'),
(51, 'HEEREN VAN BARENDRECHT', 'MIDDENBAAN 99', 'BARENDRECHT'),
(52, 'DE HEBBERD', 'J. V. SCHAFFELAARSTR. 61', 'BARNEVELD'),
(53, 'DE ROOSBERG', 'BAVELSE HEI 9', 'BAVEL'),
(54, 'TROUBADOUR', 'MARKT 7', 'BEESEL'),
(55, 'FABELS', 'OUDE PRINSWG 9', 'BERGEN'),
(56, 'NERO GRANDCAFE RESTAURANT', 'BREELN 5', 'BERGEN'),
(57, 'DE TEERKAMER', 'GRT MARKT 13 -14A', 'BERGEN OP ZOOM'),
(58, 'LIAN BAR', 'HOF 29', 'BERGEYK'),
(59, 'RIKS CAFE', 'HOF 20', 'BERGEYK'),
(60, 'DE WITTE ZWAAN', 'HOOGSTR 30', 'BERLICUM'),
(61, 'FRAPPANT', 'MILROOYSEWG 28', 'BERLICUM'),
(62, 'D N BEL', 'MARKT 50', 'BLADEL'),
(63, 'IN DE GOUWEGEIT', 'SNIEDERSLN 6', 'BLADEL'),
(64, 'T CARILLON', 'MARKT 2', 'BLADEL'),
(65, 'BAR BECOLOTH', 'ROZEMARYNSTR 2-2A', 'BOXTEL'),
(66, 'BOERKE VERSCHUREN', 'GINNEKENMARKT 13', 'BREDA'),
(67, 'DE BOSCHWACHTER', 'HUISDREEF 4', 'BREDA'),
(68, 'DE FRANCISKANER', 'GRT MARKT 31', 'BREDA'),
(69, 'DE KOGELVANGER', 'GALDERSEWG 55', 'BREDA'),
(70, 'DE PASTORIE', 'GRT MARKT 48', 'BREDA'),
(71, 'DE YPELAAR', 'TROMPENBURGSTR 4', 'BREDA'),
(72, 'DEPENDANCE', 'VISMARKTSTR 2', 'BREDA'),
(73, 'HOEGAARDEN', 'GRT MARKT 52', 'BREDA'),
(74, 'INDOOR FUNCENTRE BREDA', 'MYKENBROEK 27', 'BREDA'),
(75, 'LA RAMBLA', 'GRT MARKT 7', 'BREDA'),
(76, 'PACKHUYS', 'SPEELHUISLAAN 150', 'BREDA'),
(77, 'T T HUIS', 'J F KENNEDYLN 15', 'BREDA'),
(78, 'T TAPPERIJKE', 'GRT MARKT 61', 'BREDA'),
(79, 'THE PADDOCK', 'GRT MARKT 20', 'BREDA'),
(80, 'VAN HAM', 'V COOTHPLN 23', 'BREDA'),
(81, 'YOUNITED BREDA', 'HAMBROEKLN 1', 'BREDA'),
(82, 'IN HOLLAND', 'SCHOOTSENHOEK 23', 'CASTELRE'),
(83, 'T CHAAMSE WAPEN', 'DORPSSTR 44 -46', 'CHAAM'),
(84, 'DE POORTWACHTER', 'EVERWYNSTR 27 -2A', 'CULEMBORG'),
(85, 'FRESH FASHION DE VERLEIDING', 'TOLLENSTR 26', 'CULEMBORG'),
(86, 'APARTHOTEL REKREATIECENTR DELDEN', 'SPORTLN 7', 'DELDEN'),
(87, 'DE ENGEL', 'MARKT 66 -A-B', 'DELFT'),
(88, 'DE RUIF', 'KERKSTR 23', 'DELFT'),
(89, 'BOEGSCHROEF', 'HANDELSKADE 12', 'DELFZIJL'),
(90, 'DU BASTION', 'WATERSTRAAT 78', 'DELFZIJL'),
(91, 'EEMS HOTEL', 'ZEEBADWEG 2', 'DELFZIJL'),
(92, 'T LOKAAL', 'SCHOOLSTRAAT 27', 'DELFZIJL'),
(93, 'PANNEKOECKERSHUYS', 'RUITENSPOOR 51', 'DEN HOUT'),
(94, 'BEEKMAN EN BEEKMAN', 'MARKT 8', 'DEURNE'),
(95, 'DE BUREN VAN SCHIMMELPENNINCK', 'BRINK 22', 'DEVENTER'),
(96, 'PASSE PARTOUT', 'BRINK 7 -8', 'DEVENTER'),
(97, 'TV ZANDLIGT', 'DE BUSKES', 'DIESSEN'),
(98, 'DINGSPILHUUS', 'HOOFDSTRAAT 88', 'DIEVER'),
(99, 'JANSSEN JANSSEN', 'HG HAM 59', 'DONGEN'),
(100, 'BACCHUS', 'BLAUWPOORTSPLEIN 13-14', 'DORDRECHT'),
(101, 'LEKKER BELANGRIJK', 'VOORSTR 256 256A', 'DORDRECHT'),
(102, 'MIRO', 'VOORSTRAAT 256 b', 'DORDRECHT'),
(103, 'SAMSAM', 'VOORSTRAAT 202', 'DORDRECHT'),
(104, 'HOENDERDAAL', 'HOENDERSTEEG 7', 'DRIEBERGEN'),
(105, 'BOVEN WATER', 'NW JACHTHAVEN 13', 'DRIMMELEN'),
(106, 'DE KOMBUIS', 'NW JACHTHAVEN 60', 'DRIMMELEN'),
(107, 'DE BENGEL', 'MARKT 13', 'EERSEL'),
(108, 'DE MERT', 'MARKT 12', 'EERSEL'),
(109, 'DE PIJP', 'NIEUWSTR 2', 'EERSEL'),
(110, 'T MASTEBOLLEKE', 'MARKT 14 -16', 'EERSEL'),
(111, 'T WAPEN VAN EGMOND', 'VOORSTR 150 -152', 'EGMOND AAN ZEE'),
(112, 'ALTSTADT', 'STRATUMSEIND 71', 'EINDHOVEN'),
(113, 'BERLAGE', 'KL BERG 16', 'EINDHOVEN'),
(114, 'CASINO', 'AALSTERWG 184', 'EINDHOVEN'),
(115, 'DE BARON', 'KL BERG 26', 'EINDHOVEN'),
(116, 'DE KRAM', 'STRATUMSEIND 42', 'EINDHOVEN'),
(117, 'HOOGSTE TIJD', 'VRYSTR 38', 'EINDHOVEN'),
(118, 'T ROZENKNOPJE', 'HOOGSTR 59', 'EINDHOVEN'),
(119, 'T VONDERKE', 'L NAPOLEONPLN 9', 'EINDHOVEN'),
(120, 'THUNDERROADHOUSE', 'STRATUMSEIND 105', 'EINDHOVEN'),
(121, 'TIPSY DUCK PUB', 'STRATUMSEIND 26', 'EINDHOVEN'),
(122, 'WILHELMINA', 'WILHELMINAPLN 6', 'EINDHOVEN'),
(123, 'DE MIDDENSTIP', 'HOOFDSTR 46', 'EPE'),
(124, 'DE POSTHOORN', 'MARKT 1', 'EPE'),
(125, 'T TONNETJE', 'W TELLSTR 11', 'EPE'),
(126, 'IN DEN BOCKENREIJDER', 'DUNSEDK 3', 'ESBEEK'),
(127, 'BURGEMEESTER', 'MARKT 40', 'ETTEN LEUR'),
(128, 'HET WITTE PAARD', 'OUDE BREDASEWG 15', 'ETTEN LEUR'),
(129, 'ZUS & ZO', 'RAADHUISPLN 37', 'ETTEN LEUR'),
(130, 'HUIS TEN BOS', 'MARKT 43', 'GEERTRUIDENBERG'),
(131, 'DE CLOWN', 'LANGSTR 99', 'GELDROP'),
(132, 'DE KROEG', 'BOGARDEIND 203', 'GELDROP'),
(133, 'T WAPEN VAN ZES GEHUCHTEN', 'HG GELDROP 158', 'GELDROP'),
(134, 'ALLEMAN', 'VIRMUNDTSTR 47', 'GEMERT'),
(135, 'EETCAFE BULLS', 'DS T.O. HYLKEMAWEG 40', 'GIETHOORN'),
(136, 'EETCAFE DE SLOOTHAAK', 'BINNENPAD 141', 'GIETHOORN'),
(137, 'DE TIP', 'BIS. DE VETPLEIN 4', 'GILZE'),
(138, 'DEN BROOY', 'CHAAMSEWG 21', 'GILZE'),
(139, 'GILZE', 'L WAGENSTR 30', 'GILZE'),
(140, 'GRANDCAFE T GELAGH', 'VARKENMARKT 17', 'GORINCHEM'),
(141, 'GERAATS', 'MARKT 5', 'GRATHEM'),
(142, 'BUCKSHOT', 'GED ZUIDERDIEP 58 -58A', 'GRONINGEN'),
(143, 'DE WOLTHOORN', 'TURFTORENSTR 6 -6A', 'GRONINGEN'),
(144, 'PINTELIER', 'KL KR ELLEBOOG 9', 'GRONINGEN'),
(145, 'MICHELS', 'HAARENDK 4', 'HAAREN'),
(146, 'OUT OF THE BLUES', 'KL HOUTSTR 65', 'HAARLEM'),
(147, 'STUDIO CV', 'GRT MARKT 25', 'HAARLEM'),
(148, 'T PLEINTJE', 'KERKSTR 51', 'HAPERT'),
(149, 'CAFE DE COMPAGNIE', 'PRINSENGRACHT 29', 'HASSELT'),
(150, 'LOKAAL', 'A VERHERENTSTR 5', 'HEEMSKERK'),
(151, 'DE ROOSTER', 'DORPSSTR 33', 'HEERDE'),
(152, 'PELT', 'PANCRATIUSPLN 48', 'HEERLEN'),
(153, 'T FIELJAAL', 'PANCRATIUSPLN 4', 'HEERLEN'),
(154, 'OUDE HAVEN', 'HAVENKADE 1', 'HENDRIK IDO AMBACHT'),
(155, 'DE BRINK VIJF', 'BRINKSTR 5', 'HENGELO'),
(156, 'ST LOUIS', 'EMMAWG 18', 'HENGELO'),
(157, 'STRAVINSKY', 'BURG JANSENPLN 20', 'HENGELO'),
(158, 'KAFFEE LOMMUS', 'VORSTERMANSPLN 24 -A', 'HEUSDEN'),
(159, 'ZWALUWHOEVE', 'ZUIDERZEESTRWG 108', 'HIERDEN'),
(160, 'DE ZWAAN', 'VRIJTHOF 17', 'HILVARENBEEK'),
(161, 'SCHOUWKE', 'VRIJTHOF 18', 'HILVARENBEEK'),
(162, 'DE BEURS', 'GASTHUISSTR 27', 'HORST'),
(163, 'HET CENTRUM', 'WILHELMINAPLN 13', 'HORST'),
(164, 'DE ZWIJGER', 'PLEIN 21', 'HOUTEN'),
(165, 'IN DEN BLAUWEN BOCK', 'BADSTR 9', 'KATWYK'),
(166, 'SCOOBIES', 'VOORSTR 3', 'KATWYK'),
(167, 'CAFE DE KLOK', 'MOLENSTRAAT 117', 'KINDERDIJK'),
(168, 'DE KEMPEN', 'HET GROEN 14', 'KNEGSEL'),
(169, 'KORENBEURS', 'MARKT 6', 'KRUININGEN'),
(170, 'DE DIKKE VAN DALE', 'NIEUWESTAD 69', 'LEEUWARDEN'),
(171, 'DE KOPEREN TUIN', 'PRINSENTUIN 1', 'LEEUWARDEN'),
(172, 'CAMINO REAL', 'DOELENSTEEG 8', 'LEIDEN'),
(173, 'DE BURCHT', 'BURGSTG 14', 'LEIDEN'),
(174, 'SSR LEIDEN', 'HOGEWOERD 108', 'LEIDEN'),
(175, 'T PRAETHUYS', 'VROUWENKERKK STR 9', 'LEIDEN'),
(176, 'DE DIKKE', 'ZWARTEWEG 3', 'LEUSDEN'),
(177, 'DE DRIE LINDEN', 'RYT 2', 'LUYKSGESTEL'),
(178, 'CELEBRATION', 'VRYTHOF 11 -11A', 'MAASTRICHT'),
(179, 'D ARTAGNAN', 'GRAANMARKT 3', 'MAASTRICHT'),
(180, 'D INGEL', 'VRYTHOF 13', 'MAASTRICHT'),
(181, 'PERROEN', 'VRYTHOF 35', 'MAASTRICHT'),
(182, 'REKKO', 'VRYTHOF 10', 'MAASTRICHT'),
(183, 'THEATER CLINIQUE', 'PLATIELSTR 9 -A', 'MAASTRICHT'),
(184, 'T HART VAN MADE', 'MARKTSTR 40', 'MADE'),
(185, 'T TREFPUNT', 'RAADHUISPLN 1 -A', 'MADE'),
(186, 'CAFE CLOUSO', 'ZUIDEINDE 25', 'MEPPEL'),
(187, 'CAFE DE BOEMEL', 'ZUIDEINDE 27', 'MEPPEL'),
(188, 'HERBERG T PLEIN', 'PRINSENGRACHT 1', 'MEPPEL'),
(189, 'UNREAL CAFE', 'P. DE HOOCHSTRAAT 22', 'MEPPEL'),
(190, 'BOMMEL', 'MARKT 85', 'MIDDELBURG'),
(191, 'DE GEERE', 'LANGEVIELE 51 -53', 'MIDDELBURG'),
(192, 'DE HERBERG', 'POTTENMARKT 2', 'MIDDELBURG'),
(193, 'GASTERIJ SMITS', 'HOOFDWEG 170', 'MIDWOLDA'),
(194, 'DE ZEEMEEUW', 'ZEEGWEG 1 a', 'MUIDERBERG'),
(195, 'T TORP VOF', 'DRIESSENSSTRAAT 9-11', 'NEERITTER'),
(196, 'HET WAPEN VAN NIEUW BEIJERLAND', 'SPUIDK 15', 'NIEUW BEYERLAND'),
(197, 'DE BUURVROUW', 'MARKT 6 -7', 'NIEUWEGEIN'),
(198, 'DE ZWIJGER', 'MARKT 8', 'NIEUWEGEIN'),
(199, 'JACK S GRILL HOUSE', 'PARKHOUT 2', 'NIEUWEGEIN'),
(200, 'VAN RIJCKE VORSEL', 'BLAARDORPSEWG 1', 'NIEUWERKERK AD YSSEL'),
(201, 'DE ZUIDWAL', 'HULCKESTEYN 2', 'NIJKERK'),
(202, 'NSVV', 'WILHELMINASTR 2 -BY', 'NUMANSDORP'),
(203, 'DE ZAAK', 'STATIONSLN 19', 'NUNSPEET'),
(204, 'DE WITTE HOEVE', 'VASSERWG 34', 'NUTTER'),
(205, 'DORPSZICHT', 'DORPSSTR 10', 'OENE'),
(206, 'HEUVEL 3', 'HEUVEL 3', 'OOSTERHOUT'),
(207, 'UILENBOS OGC', 'DUKAATSTR 21', 'OOSTERHOUT'),
(208, 'OSSENVOORT', 'GROTESTR 30', 'OOTMARSUM'),
(209, 'DE DORPSHERBERG', 'CASSEWEG 1 a', 'OSPEL'),
(210, 'DE ONTMOETING', 'EIKENBOOMGAARD 8', 'OSS'),
(211, 'HEEREN VAN BEIJERLAND', 'MARKTPLN 2', 'OUD BEYERLAND'),
(212, 'T OUDE POSTKANTOOR', 'W VOORSTR 23', 'OUD BEYERLAND'),
(213, 'THE GAZ STATION', 'RAADHUISPLN 21', 'PANNINGEN'),
(214, 'TIJDLOOS', 'STELLINGMOLEN 178', 'PAPENDRECHT'),
(215, 'DE STEE', 'HAVERDK 14', 'PRINSENBEEK'),
(216, 'DE SWAEN', 'MARKT 29', 'PRINSENBEEK'),
(217, 'KORBELD', 'OUDE LINDERTSEWG 6', 'RAALTE'),
(218, 'TAVEERNE TIVOLIE', 'ZWOLSESTRAAT 25', 'RAALTE'),
(219, 'HEEREHUYS', 'HEEREPLN 1', 'RAAMSDONKSVEER'),
(220, 'T VEERHUIS', 'MAASDK 33', 'RAVENSTEIN'),
(221, 'LA GARE', 'WILHELMINALN 46', 'REUSEL'),
(222, 'RUST WAT', 'LINGEDK 16', 'RHENOY'),
(223, 'TV RIEL', 'MEYERY 39', 'RIEL'),
(224, 'DE SLEUTEL', 'DORPSSTR 1 -A', 'RIETHOVEN'),
(225, 'THAIPHOON', 'ZWARTBROEKSTR. 31', 'ROERMOND'),
(226, 'ZAAL ACHT', 'ZWARTBROEKSTR. 27', 'ROERMOND'),
(227, 'DE MORIAAN ETEN EN DRINKEN', 'TONGERLOPLN 9', 'ROOSENDAAL'),
(228, 'HEKSENKETEL', 'MOLENSTR 60', 'ROOSENDAAL'),
(229, 'MOEDER OVERSTE', 'MARKT 22', 'ROOSENDAAL'),
(230, 'DE TUIN', 'PLASZOOM 354', 'ROTTERDAM'),
(231, 'HOV', 'BOSDREEF 120', 'ROTTERDAM'),
(232, 'IJSCLUB KRALINGEN', 'YSCLUBDWARSSTR 1', 'ROTTERDAM'),
(233, 'OP STAANDE VOET', 'STRAATWG 56 -A', 'ROTTERDAM'),
(234, 'SPOT THE LOONY', 'BEYERLANDSELN 33', 'ROTTERDAM'),
(235, 'STALLES', 'NW BINNENWG 11 -A', 'ROTTERDAM'),
(236, 'T BOLWERK', 'GELDERSEKD 1 -A-C', 'ROTTERDAM'),
(237, 'T BOERKE', 'HOOFDSTR 72', 'RYEN'),
(238, 'OUDE BAREEL', 'BREDASEWG 31', 'RYSBERGEN'),
(239, 'BERGER', 'PLEIN 18', 'S GRAVENHAGE'),
(240, 'FLOOW', 'PLEIN 22', 'S GRAVENHAGE'),
(241, 'HAAGSCHE KLUISCH', 'PLEIN 20', 'S GRAVENHAGE'),
(242, 'LAFAYETTE', 'PLEIN 15', 'S GRAVENHAGE'),
(243, 'LE BYBLOS', 'K POTEN 1', 'S GRAVENHAGE'),
(244, 'LEOPOLD', 'PLEIN 17', 'S GRAVENHAGE'),
(245, 'SCHLEMMER', 'L HOUTSTR 17', 'S GRAVENHAGE'),
(246, 'SILLY S', 'GRT MARKT 25', 'S GRAVENHAGE'),
(247, 'CORDES', 'PARADE 4', 'S HERTOGENBOSCH'),
(248, 'CUBA LIBRE', 'PARADE 5', 'S HERTOGENBOSCH'),
(249, 'DE HAVERKIST', 'KORENBRUGSTR 1 -3', 'S HERTOGENBOSCH'),
(250, 'DE KEULSE KAR', 'HINTHAMERSTR (HK) 101', 'S HERTOGENBOSCH'),
(251, 'DE KEULSE KAR', 'HINTHAMERSTR (HK) 101', 'S HERTOGENBOSCH'),
(252, 'HET VEULEN', 'KORENBRUGSTR 9 -A', 'S HERTOGENBOSCH'),
(253, 'IN DE KLEINE WERELT', 'MARKT 10 -12', 'S HERTOGENBOSCH'),
(254, 'SILVA DUCIS', 'PARADE 6 -7', 'S HERTOGENBOSCH'),
(255, 'DE GOUDEN ENGEL', 'MARKT 17', 'SCHAGEN'),
(256, 'BESTEK', 'OPWG 2', 'SCHOONHOVEN'),
(257, 'JANSEN EN JANSEN', 'MARKT 23', 'SCHYNDEL'),
(258, 'D N HEMEL', 'MARKT 39', 'SITTARD'),
(259, 'ROUTE 66', 'PAARDESTR 3', 'SITTARD'),
(260, 'HEEREN VAN SLIEDRECHT', 'STATIONSPLEIN 8', 'SLIEDRECHT'),
(261, 'CENTRAAL', 'WILHELMINAPLN 3', 'SOMEREN'),
(262, 'T SONNEKE', 'NIEUWSTR 25', 'SON'),
(263, 'DE KEYZER', 'VOORSTR 15', 'SPYKENISSE'),
(264, 'CAFE DE TWEE', 'HOOFDSTRAAT 14', 'STADSKANAAL'),
(265, 'IN DE WALLEVIS', 'KADE 2', 'STEENBERGEN'),
(266, 'T WAPEN VAN STREEFKERK', 'KERKSTR 13', 'STREEFKERK'),
(267, 'T BAEKSKE', 'MARKTSTRAAT 8-10', 'SWALMEN'),
(268, 'GONZO BAR', 'GROTESTRAAT 77-79', 'TEGELEN'),
(269, 'STACCATO', 'GROTESTRAAT 82', 'TEGELEN'),
(270, 'HARMONIE THORN', 'BOGENSTRAAT 8', 'THORN'),
(271, 'BOEKANIER', 'STADHUISSTRAAT 11', 'TILBURG'),
(272, 'BOOGIE WONDERLAND', 'PIUSPLN 6 -A', 'TILBURG'),
(273, 'DE PLAATS', 'PIUSPLN 61', 'TILBURG'),
(274, 'DE VOORTUIN', 'TUINSTR 4', 'TILBURG'),
(275, 'DE ZEVEN GEITJES', 'ROESHOFDIJK 18', 'TILBURG'),
(276, 'EXTASE', 'HEUVELRING 112', 'TILBURG'),
(277, 'HET BRUIN KAFEE', 'PIUSPLN 5', 'TILBURG'),
(278, 'HEUVEL 15', 'HEUVEL 15 -A', 'TILBURG'),
(279, 'HOEGAARDEN TILBURG', 'PIUSPLN 2 -2A', 'TILBURG'),
(280, 'KAREL', 'HEUVEL 24', 'TILBURG'),
(281, 'POLLY MAGGOO', 'HEUVEL 10', 'TILBURG'),
(282, 'TRIBUNAAL', 'HEUVEL 14', 'TILBURG'),
(283, 'UIT', 'HEUVEL (HK) 18', 'TILBURG'),
(284, 'VOSSENHOLE', 'REESHOFWEG 55', 'TILBURG'),
(285, 'WAPEN VAN TILBURG', 'SPOORLAAN 362', 'TILBURG'),
(286, 'CAFE DE KARRE', 'TUKSEWEG 115', 'TUK'),
(287, 'T CAFEEKE', 'MARKT 2 -4', 'UDEN'),
(288, 'T STULPKE', 'MARKT 7', 'UDEN'),
(289, 'HEERENPLEIN UTRECHT', 'LUCASBOLWERK 1 -H', 'UTRECHT'),
(290, 'ABSOLUUT', 'MARKT 64', 'VALKENSWAARD'),
(291, 'CAFE BASS', 'MARKT 16', 'VALKENSWAARD'),
(292, 'CAFE DE SLEUTEL', 'MARKT 20', 'VALKENSWAARD'),
(293, 'CAFE DE SWAEN', 'MARKT 29', 'VALKENSWAARD'),
(294, 'CAFE SUYKERBUYK', 'LUIKERWEG 145', 'VALKENSWAARD'),
(295, 'CAFE ZOMERHOF', 'MAASTRICHTERWEG 265', 'VALKENSWAARD'),
(296, 'DE BEL', 'MARKT 24 -26', 'VALKENSWAARD'),
(297, 'DE BOUT', 'DORPSTRAAT 39', 'VALKENSWAARD'),
(298, 'DE FANTAST', 'F V BESTSTR 9', 'VALKENSWAARD'),
(299, 'DE VALK', 'WILHELMINALAAN 48', 'VALKENSWAARD'),
(300, 'MILLYS', 'MARKT 49', 'VALKENSWAARD'),
(301, 'OLD DUTCH', 'MARKT 22', 'VALKENSWAARD'),
(302, 'T HART VAN VEGHEL', 'MARKT 31', 'VEGHEL'),
(303, 'DE LOCHT', 'LOCHT 14', 'VELDHOVEN'),
(304, 'SAINT TROPEZ', 'DORPSTR 15', 'VELDHOVEN'),
(305, 'OLD DUTCH', 'MARKT 21', 'VENLO'),
(306, 'DE VOSSENBERG', 'ELSPETERBOSWG 1', 'VIERHOUTEN'),
(307, 'THIJSSEN', 'PASTORIESTR 20', 'VLIERDEN'),
(308, 'DE LEUGENAAR', 'BOULEV BANKERT 132', 'VLISSINGEN'),
(309, 'MONTPERNASSE', 'M DE RUYTERPLN 1', 'VLISSINGEN'),
(310, 'POPEYE', 'NIEUWENDK 7', 'VLISSINGEN'),
(311, 'DE PINTELIER', 'VALKENBURGERWG 33', 'VOERENDAAL'),
(312, 'T PANNELAND', 'VOGELENZANGSED WG 4', 'VOGELENZANG'),
(313, 'DE GEREGHTHOF', 'MARKTVELD 8 -10', 'VUGHT'),
(314, 'T GEVELTJE', 'KERKSTR 10', 'VUGHT'),
(315, 'DE MEESTER', 'GROTESTR 198', 'WAALWYK'),
(316, 'MARQUIS', 'GROTESTR 246', 'WAALWYK'),
(317, 'BOSPOP 2005', 'VRAKKERVELD 2', 'WEERT'),
(318, 'CAFE BLAAKVEN', 'GEUZENDIJK 35', 'WEERT'),
(319, 'CAFE DU COMMERCE', 'LANGSTRAAT 65', 'WEERT'),
(320, 'CAFE GOTCHA', 'BEEKSTRAAT 49', 'WEERT'),
(321, 'CAFE HARMONIE', 'MUNTPROMENADE 6', 'WEERT'),
(322, 'CAFE SCHUTTERSHOEVE', 'GROTE STEEG 10', 'WEERT'),
(323, 'DE BOSUIL', 'VRAKKERVELD 2 c', 'WEERT'),
(324, 'DE BROUWER', 'OELEMARKT 17-19', 'WEERT'),
(325, 'HET HOFJE', 'DE OUDE SCHUT 9', 'WEERT'),
(326, 'LUNCHROOM BEKX', 'MARKT 17', 'WEERT'),
(327, 'SLIJTERIJ VD FEESTEN', 'HOOGVELDSTRAAT 5', 'WEERT'),
(328, 'SOC CULTUREEL WERK', 'BOSCHERWEG 57', 'WEERT'),
(329, 'UT INGELKE', 'KORENMARKT 8', 'WEERT'),
(330, 'T PATERKE', 'KL HEISTR 16', 'WERNHOUT'),
(331, 'T VEERHUIS', 'POLSTR 1', 'WESSEM'),
(332, 'CAFE T HOF', 'MARKT 15 a', 'WIJK BIJ DUURSTEDE'),
(333, 'VINCHOTTE', 'MARKTPLN 1 -G', 'WINSCHOTEN'),
(334, 'DONKENHOF', 'ROOSENDAALSESTR 61', 'WOUW'),
(335, 'DE BANJAARD', 'NW HAVEN 23', 'ZIERIKZEE'),
(336, 'DE BEUZE', 'HAVENPLN 7', 'ZIERIKZEE'),
(337, 'DE GEKROONDE SUIKERBIET', 'NW HAVEN 141', 'ZIERIKZEE'),
(338, 'DEN BELS', 'MOLENSTR 148', 'ZUNDERT'),
(339, 'DEN HOEK', 'RUCPHENSEWG 14', 'ZUNDERT'),
(340, 'STUYVESANT', 'BREDASEWG 43', 'ZUNDERT'),
(341, 'BELGISCHE KEIZER', 'MELKMARKT 58', 'ZWOLLE'),
(342, 'BIG BULL', 'LUTTEKESTR 33', 'ZWOLLE'),
(343, 'DE BEURS', 'GRT KERKPLN 2', 'ZWOLLE'),
(344, 'IRISH INN', 'SASSENSTR (HK) 29', 'ZWOLLE'),
(345, 'SWING CAFE DE DOCTER', 'VOORSTRAAT 3-5', 'ZWOLLE');

-- --------------------------------------------------------

--
-- Tabelstructuur voor tabel `schenkt`
--

CREATE TABLE `schenkt` (
  `kroegcode` int(5) DEFAULT NULL,
  `biercode` int(5) DEFAULT NULL
) ENGINE=InnoDB DEFAULT CHARSET=latin1 COLLATE=latin1_swedish_ci;

--
-- Gegevens worden geëxporteerd voor tabel `schenkt`
--

INSERT INTO `schenkt` (`kroegcode`, `biercode`) VALUES
(82, 1387),
(4, 1592),
(24, 1104),
(133, 274),
(106, 568),
(23, 1289),
(71, 1430),
(49, 475),
(48, 341),
(71, 1568),
(18, 606),
(95, 313),
(57, 1605),
(57, 897),
(115, 1193),
(56, 448),
(11, 1034),
(67, 43),
(116, 774),
(115, 339),
(98, 1171),
(111, 916),
(63, 1387),
(48, 1097),
(34, 1188),
(92, 1190),
(70, 580),
(68, 1574),
(120, 277),
(88, 905),
(13, 957),
(85, 399),
(47, 1124),
(40, 920),
(69, 1522),
(138, 914),
(134, 206),
(10, 1135),
(90, 1378),
(109, 454),
(71, 1472),
(142, 384),
(99, 124),
(138, 882),
(11, 948),
(25, 1069),
(32, 1276),
(57, 562),
(95, 1461),
(62, 1144),
(55, 1523),
(116, 142),
(108, 1081),
(51, 892),
(70, 279),
(69, 1148),
(60, 32),
(131, 984),
(32, 682),
(56, 272),
(92, 1273),
(42, 1200),
(136, 1471),
(131, 837),
(143, 1258),
(133, 551),
(3, 1204),
(105, 935),
(17, 226),
(91, 1077),
(86, 328),
(94, 687),
(120, 87),
(106, 547),
(50, 995),
(21, 925),
(22, 1306),
(22, 1511),
(134, 1340),
(66, 1339),
(61, 869),
(100, 236),
(49, 1426),
(51, 450),
(47, 662),
(37, 405),
(33, 1097),
(45, 1547),
(30, 724),
(5, 988),
(109, 899),
(50, 685),
(19, 775),
(143, 1244),
(128, 1475),
(113, 1328),
(23, 772),
(142, 1162),
(2, 1098),
(123, 862),
(113, 1238),
(52, 774),
(62, 790),
(34, 1388),
(6, 873),
(16, 1323),
(44, 990),
(31, 1482),
(12, 983),
(3, 1156),
(40, 1360),
(55, 307),
(69, 452),
(138, 1411),
(40, 1446),
(2, 181),
(134, 788),
(73, 950),
(5, 8),
(39, 859),
(63, 1332),
(54, 1191),
(65, 1432),
(139, 248),
(30, 258),
(14, 1478),
(111, 1291),
(125, 1415),
(20, 1003),
(115, 1067),
(18, 916),
(56, 244),
(5, 80),
(2, 1571),
(50, 1427),
(4, 699),
(133, 324),
(69, 541),
(70, 691),
(10, 670),
(98, 1245),
(89, 864),
(51, 1335),
(90, 729),
(135, 932),
(29, 986),
(2, 89),
(16, 1051),
(5, 457),
(58, 537),
(121, 102),
(114, 1227),
(29, 1039),
(133, 406),
(132, 826),
(92, 1056),
(129, 91),
(57, 720),
(72, 699),
(132, 1082),
(88, 433),
(138, 1473),
(129, 386),
(141, 511),
(99, 437),
(55, 263),
(33, 1110),
(105, 1383),
(13, 465),
(17, 261),
(121, 386),
(69, 415),
(141, 155),
(144, 844),
(3, 998),
(141, 1507),
(67, 166),
(61, 435),
(103, 1159),
(89, 181),
(139, 1338),
(17, 1379),
(135, 893),
(30, 388),
(78, 769),
(53, 838),
(28, 1384),
(33, 657),
(107, 483),
(110, 1074),
(103, 1126),
(42, 859),
(8, 978),
(19, 832),
(136, 805),
(104, 1449),
(15, 348),
(54, 435),
(50, 238),
(21, 1176),
(21, 907),
(63, 955),
(34, 198),
(58, 708),
(140, 896),
(49, 555),
(55, 940),
(24, 154),
(56, 988),
(75, 1249),
(112, 40),
(75, 384),
(79, 1523),
(79, 670),
(113, 1422),
(49, 303),
(137, 1595),
(66, 162),
(58, 1200),
(41, 272),
(110, 715),
(21, 3),
(121, 990),
(69, 925),
(112, 1534),
(71, 284),
(7, 901),
(71, 683),
(16, 1362),
(85, 330),
(115, 1047),
(110, 169),
(107, 54),
(28, 161),
(21, 1020),
(39, 596),
(50, 291),
(81, 1225),
(30, 1426),
(48, 858),
(35, 148),
(33, 704),
(11, 766),
(119, 30),
(6, 113),
(23, 1366),
(113, 206),
(82, 172),
(6, 268),
(76, 510),
(89, 1034),
(86, 1556),
(63, 238),
(15, 577),
(81, 663),
(94, 1328),
(98, 1586),
(30, 320),
(116, 1320),
(135, 571),
(56, 114),
(35, 118),
(61, 526),
(46, 571),
(9, 1385),
(9, 695),
(22, 1344),
(138, 1011),
(89, 965),
(86, 650),
(53, 726),
(66, 1052),
(71, 303),
(17, 1172),
(108, 144),
(105, 1333),
(5, 170),
(129, 198),
(24, 174),
(73, 268),
(100, 520),
(34, 989),
(85, 1462),
(38, 1578),
(21, 197),
(72, 827),
(115, 470),
(94, 613),
(138, 1095),
(142, 1264),
(124, 378),
(121, 1321),
(30, 951),
(50, 891),
(96, 1336),
(90, 49),
(65, 1531),
(141, 1064),
(107, 336),
(119, 19),
(93, 616),
(125, 1007),
(123, 513),
(144, 10),
(79, 40),
(67, 724),
(60, 673),
(101, 282),
(88, 886),
(114, 1209),
(68, 70),
(23, 1222),
(14, 466),
(92, 157),
(59, 1593),
(118, 1435),
(26, 1266),
(136, 172),
(125, 1221),
(46, 243),
(95, 1143),
(9, 967),
(6, 289),
(142, 541),
(138, 1163),
(84, 1573),
(111, 92),
(80, 688),
(125, 571),
(52, 866),
(54, 983),
(19, 522),
(127, 442),
(142, 1327),
(86, 1269),
(98, 1371),
(79, 1249),
(43, 1339),
(3, 623),
(1, 1421),
(97, 388),
(51, 124),
(45, 1523),
(91, 285),
(81, 640),
(134, 124),
(50, 184),
(17, 194),
(9, 1295),
(45, 1113),
(118, 1474),
(124, 1040),
(97, 30),
(46, 348),
(7, 1157),
(9, 1257),
(92, 84),
(1, 281),
(40, 1545),
(78, 417),
(62, 1593),
(91, 1137),
(23, 1235),
(16, 1045),
(85, 571),
(97, 1479),
(57, 441),
(93, 1403),
(117, 960),
(121, 993),
(82, 1523),
(69, 1263),
(24, 658),
(119, 1585),
(41, 1282),
(42, 569),
(86, 59),
(15, 1477),
(87, 669),
(20, 1142),
(127, 596),
(59, 216),
(112, 464),
(95, 1292),
(95, 1160),
(16, 646),
(7, 952),
(141, 452),
(7, 1537),
(102, 859),
(25, 409),
(64, 1083),
(16, 1099),
(79, 1169),
(89, 35),
(34, 740),
(22, 443),
(6, 409),
(57, 303),
(117, 1591),
(79, 540),
(27, 867),
(119, 1060),
(29, 919),
(93, 554),
(97, 1556),
(120, 1519),
(59, 28),
(93, 1112),
(73, 645),
(76, 1135),
(64, 1035),
(55, 6),
(127, 754),
(73, 66),
(30, 251),
(100, 1560),
(34, 822),
(75, 107),
(130, 1099),
(97, 132),
(88, 1526),
(30, 262),
(63, 998),
(64, 371),
(104, 1540),
(142, 215),
(126, 239),
(126, 381),
(44, 632),
(92, 176),
(128, 557),
(62, 1106),
(54, 1428),
(109, 1033),
(52, 218),
(87, 787),
(66, 834),
(1, 1495),
(115, 1299),
(2, 736),
(77, 40),
(101, 176),
(30, 733),
(21, 936),
(17, 789),
(140, 221),
(35, 239),
(143, 1506),
(6, 1547),
(110, 1104),
(16, 1384),
(33, 356),
(39, 797),
(24, 481),
(122, 600),
(93, 1391),
(65, 930),
(118, 309),
(122, 972),
(79, 926),
(33, 84),
(39, 1520),
(16, 316),
(112, 1571),
(74, 99),
(101, 14),
(140, 502),
(21, 1419),
(86, 535),
(136, 932),
(4, 1377),
(28, 1350),
(40, 703),
(9, 25),
(66, 517),
(110, 1348),
(24, 1480),
(106, 658),
(5, 1138),
(48, 626),
(84, 525),
(55, 90),
(36, 1092),
(102, 858),
(106, 339),
(133, 874),
(28, 656),
(22, 663),
(13, 845),
(112, 1123),
(55, 1462),
(133, 86),
(26, 301),
(44, 565),
(56, 1476),
(98, 975),
(6, 1169),
(110, 859),
(76, 915),
(23, 1102),
(60, 1126),
(59, 658),
(141, 798),
(120, 1032),
(94, 978),
(94, 296),
(4, 1513),
(88, 835),
(88, 1478),
(144, 836),
(134, 609),
(123, 414),
(14, 746),
(114, 1224),
(116, 25),
(22, 1407),
(122, 1542),
(101, 1258),
(12, 734),
(31, 936),
(109, 820),
(73, 550),
(12, 106),
(50, 1090),
(127, 1102),
(106, 258),
(129, 1477),
(90, 1152),
(110, 1409),
(79, 1338),
(127, 1098),
(37, 723),
(123, 610),
(44, 120),
(4, 909),
(129, 306),
(138, 1501),
(73, 834),
(112, 875),
(54, 460),
(108, 438),
(36, 631),
(111, 275),
(40, 752),
(12, 1116),
(83, 86),
(14, 667),
(38, 1302),
(61, 919),
(103, 940),
(115, 458),
(38, 684),
(92, 466),
(142, 1574),
(90, 1575),
(62, 571),
(45, 1084),
(55, 668),
(61, 754),
(123, 1470),
(28, 292),
(52, 465),
(97, 541),
(72, 133),
(109, 66),
(22, 1560),
(21, 9),
(128, 762),
(136, 396),
(132, 556),
(123, 1167),
(33, 1283),
(58, 391),
(106, 485),
(32, 1202),
(86, 1130),
(123, 1197),
(3, 162),
(33, 920),
(52, 1093),
(28, 1472),
(140, 1417),
(21, 369),
(116, 670),
(142, 247),
(72, 4),
(100, 982),
(104, 1448),
(103, 416),
(95, 39),
(71, 1474),
(6, 1553),
(75, 1322),
(103, 755),
(139, 269),
(53, 1016),
(66, 842),
(56, 731),
(58, 693),
(88, 909),
(70, 682),
(141, 67),
(87, 1193),
(40, 451),
(11, 308),
(34, 348),
(41, 953),
(107, 1273),
(94, 498),
(95, 1355),
(62, 1305),
(52, 232),
(79, 1080),
(92, 593),
(31, 709),
(2, 1424),
(12, 123),
(138, 865),
(126, 172),
(14, 1150),
(31, 1605),
(28, 1328),
(77, 287),
(16, 352),
(48, 822),
(70, 824),
(54, 666),
(62, 895),
(37, 86),
(73, 140),
(119, 905),
(13, 629),
(96, 1136),
(38, 944),
(3, 792),
(10, 1352),
(134, 1278),
(11, 1107),
(5, 691),
(41, 706),
(99, 863),
(47, 925),
(141, 712),
(56, 734),
(15, 770),
(60, 292),
(42, 770),
(133, 999),
(111, 313),
(116, 833),
(96, 726),
(99, 1323),
(120, 551),
(118, 385),
(102, 102),
(134, 636),
(57, 1492),
(1, 1178),
(54, 254),
(68, 1085),
(61, 427),
(95, 1286),
(95, 274),
(38, 829),
(42, 1346),
(123, 266),
(96, 1339),
(79, 224),
(104, 1203),
(41, 1306),
(9, 384),
(88, 1212),
(129, 709),
(107, 436),
(136, 701),
(141, 981),
(96, 1382),
(90, 360),
(97, 480),
(31, 229),
(133, 560),
(22, 434),
(98, 746),
(132, 1599),
(90, 1230),
(36, 1044),
(78, 1452),
(90, 395),
(136, 794),
(120, 655),
(81, 962),
(45, 146),
(89, 818),
(18, 1082),
(73, 190),
(53, 1212),
(112, 1128),
(108, 863),
(97, 1477),
(19, 781),
(101, 1427),
(90, 293),
(119, 1398),
(43, 1460),
(32, 1107),
(82, 452),
(127, 726),
(58, 709),
(116, 744),
(60, 1495),
(133, 536),
(47, 1348),
(61, 740),
(87, 4),
(144, 649),
(70, 182),
(67, 1519),
(12, 1165),
(85, 296),
(108, 1183),
(113, 1553),
(65, 418),
(105, 208),
(112, 1099),
(85, 1463),
(135, 1250),
(33, 914),
(128, 1064),
(136, 556),
(18, 1284),
(95, 1251),
(74, 542),
(30, 1200),
(111, 463),
(142, 107),
(60, 50),
(112, 108),
(42, 559),
(18, 1525),
(92, 716),
(115, 1501),
(130, 1207),
(119, 1288),
(96, 729),
(133, 1113),
(20, 880),
(43, 1121),
(92, 1392),
(96, 1539),
(32, 1225),
(145, 72),
(145, 73),
(145, 74);

--
-- Indexen voor geëxporteerde tabellen
--

--
-- Indexen voor tabel `bier`
--
ALTER TABLE `bier`
  ADD PRIMARY KEY (`biercode`),
  ADD KEY `brouwcode` (`brouwcode`);

--
-- Indexen voor tabel `brouwers`
--
ALTER TABLE `brouwers`
  ADD PRIMARY KEY (`brouwcode`);

--
-- Indexen voor tabel `kroeg`
--
ALTER TABLE `kroeg`
  ADD PRIMARY KEY (`kroegcode`);

--
-- Indexen voor tabel `schenkt`
--
ALTER TABLE `schenkt`
  ADD KEY `biercode` (`biercode`),
  ADD KEY `kroegcode` (`kroegcode`);

--
-- AUTO_INCREMENT voor geëxporteerde tabellen
--

--
-- AUTO_INCREMENT voor een tabel `brouwers`
--
ALTER TABLE `brouwers`
  MODIFY `brouwcode` int(11) NOT NULL AUTO_INCREMENT, AUTO_INCREMENT=1359;

--
-- Beperkingen voor geëxporteerde tabellen
--

--
-- Beperkingen voor tabel `bier`
--
ALTER TABLE `bier`
  ADD CONSTRAINT `bier_ibfk_1` FOREIGN KEY (`brouwcode`) REFERENCES `brouwers` (`brouwcode`);

--
-- Beperkingen voor tabel `schenkt`
--
ALTER TABLE `schenkt`
  ADD CONSTRAINT `schenkt_ibfk_1` FOREIGN KEY (`kroegcode`) REFERENCES `kroeg` (`kroegcode`),
  ADD CONSTRAINT `schenkt_ibfk_2` FOREIGN KEY (`biercode`) REFERENCES `bier` (`biercode`);
COMMIT;

/*!40101 SET CHARACTER_SET_CLIENT=@OLD_CHARACTER_SET_CLIENT */;
/*!40101 SET CHARACTER_SET_RESULTS=@OLD_CHARACTER_SET_RESULTS */;
/*!40101 SET COLLATION_CONNECTION=@OLD_COLLATION_CONNECTION */;
